ocid,start_date,end_date,co2_pm
ocds-0c46vo-0001-bfbcb8de-debf-487b-b854-241dcead9cf7,2016-06-01,2021-05-31,36.250039726027396
ocds-0c46vo-0001-300f7587-fe0d-4cff-9c4b-8e048ce4ab24,2016-09-01,2023-09-01,0.8393084237014085
ocds-0c46vo-0001-745e9621-eb18-43bf-aa3f-2a2c3f3b1f5b,2016-09-01,2021-07-31,1.0816911979555184
ocds-0c46vo-0001-cca05ff7-5043-4f4c-934f-0911edf31bac,2016-09-05,2023-09-05,1.5993757746478874
ocds-0c46vo-0001-43fd7503-4efb-446c-bb24-f4c4661ae6e2,2016-10-16,2021-10-12,0.026911767966520308
ocds-0c46vo-0001-1df3d8df-d741-4d4f-8ffc-a7cb8b6e7a43,2017-01-01,2022-01-01,21.058484194961665
ocds-0c46vo-0001-2c3d408b-70bb-49ba-8ecf-3953bf69894e,2017-01-01,2022-03-31,19.060073107049607
ocds-0c46vo-0001-2fcf9e0d-2cb6-448e-b102-8ee63dbac01d,2017-01-01,2024-03-31,3.793465986394558
ocds-0c46vo-0001-217b6a87-4f2e-40b9-9557-7125fa14f89e,2017-01-22,2021-01-22,8.749092065790554
ocds-0c46vo-0001-75a04a7f-deea-4cf6-9f37-bd4a847a4727,2017-04-01,2022-03-31,0.9000009863013699
ocds-0c46vo-0001-1795323d-ccf2-46a2-b46a-7edc6069e1a9,2017-04-03,2021-04-02,0.10136584025239725
ocds-0c46vo-0001-90255a6f-335b-474b-97b4-a2138f7ad219,2017-07-21,2022-07-21,0.27484969879518073
ocds-0c46vo-0001-2c5cf551-e43e-479c-8441-ab4cc6c8cb78,2017-08-01,2022-07-31,25.20002761643836
ocds-0c46vo-0001-383f0820-025b-476b-a5d0-a0ffec62cac7,2017-08-01,2022-07-31,0.13500014794520548
ocds-0c46vo-0001-4bfd02ad-59d7-4e5d-aac4-52e8e006ee05,2017-08-01,2021-08-01,0.008327638603696098
ocds-0c46vo-0001-7c38b03a-97df-4286-b3f0-7c065ee59d92,2017-08-01,2022-07-31,1.7000018630136986
ocds-0c46vo-0001-72d67bc8-2fb1-4816-8445-e5d9114b7e8a,2017-09-01,2022-08-01,0.5949811534261839
ocds-0c46vo-0001-eb35beba-af81-4bd6-ab3f-9a55bbd620ac,2017-09-01,2022-01-31,0.10371472411655301
ocds-0c46vo-0001-1d2e32aa-6e01-474a-b36d-2a7add52cdef,2017-09-04,2021-09-04,5.246412320328542
ocds-0c46vo-0001-25484c67-4a89-47a5-b6e3-7bfafce6563c,2017-09-04,2022-07-30,0.9201221675698323
ocds-0c46vo-0001-6464e9df-3f43-4f93-a767-ae72afcca430,2017-09-04,2022-07-31,0.8104394699497487
ocds-0c46vo-0001-914d39f0-444b-41af-a63e-a63f52149abf,2017-09-04,2021-08-04,1.833169841118881
ocds-0c46vo-0001-af8cbe76-7449-489c-b78a-7260479e32df,2017-09-04,2022-07-31,1.084199959798995
ocds-0c46vo-0001-de876e0c-7c79-461f-88f2-1708b8ef355d,2017-09-04,2024-07-31,1.3754870743917527
ocds-0c46vo-0001-e9426fa9-27ca-4cab-988e-52e101fa68ea,2017-09-04,2021-08-04,1.4936939446153847
ocds-0c46vo-0001-224533b3-ba3f-4049-814e-8e0471d13a04,2017-09-05,2021-09-05,0.6715407770020534
ocds-0c46vo-0001-37246d89-985c-4046-a47f-3d1f9e15400c,2017-09-05,2023-07-25,0.5390330662905537
ocds-0c46vo-0001-475204b8-1905-44a4-8fb7-61869457eab1,2017-09-05,2022-09-05,1.0494261226725081
ocds-0c46vo-0001-5c02e985-75ab-482a-9249-4aaa97ef8efd,2017-09-05,2022-07-31,1.285494704849162
ocds-0c46vo-0001-7bdce338-30a6-4632-8f05-60ef8378f35e,2017-09-05,2023-07-31,1.1371007356955918
ocds-0c46vo-0001-9a803009-3e49-47cd-8398-f09b6a9e288c,2017-09-05,2021-07-31,0.9777144047999999
ocds-0c46vo-0001-cfaa9de4-2766-4ed1-8daf-1457f0d0f0a8,2017-09-05,2021-07-31,0.89527298112
ocds-0c46vo-0001-e7732ef5-f606-4c9f-a21f-ce0e07692bb9,2017-09-05,2022-07-31,1.2204063653631283
ocds-0c46vo-0001-f7088812-fe70-498d-ab55-ed96dba3d224,2017-09-05,2022-07-31,1.1783701461117317
ocds-0c46vo-0001-f7bf53cc-0b0e-4535-87f1-cd0d0696364d,2017-09-05,2022-08-05,0.5408919576601672
ocds-0c46vo-0001-010b62f5-8efd-49a6-9130-3b18c7213f4a,2017-09-06,2022-12-31,5.78526573753862
ocds-0c46vo-0001-071b1436-6fd0-48c8-ac14-e1c246ebc7aa,2017-09-06,2022-12-31,3.871644948352214
ocds-0c46vo-0001-1ad7a727-fc61-481e-a7c6-358f09713ae1,2017-09-06,2023-01-06,5.9579569912731
ocds-0c46vo-0001-3e67ffdd-70d9-45cf-a842-e519d825badb,2017-09-06,2023-01-06,5.9579569912731
ocds-0c46vo-0001-4bfbdc81-6372-40b4-9798-36d75cc2cf04,2017-09-06,2021-07-31,1.49385128597191
ocds-0c46vo-0001-66b33fdf-a400-4d4d-b961-38a0708263a1,2017-09-06,2022-12-31,5.976364685375901
ocds-0c46vo-0001-7ffb94e8-0c0e-460f-8de6-516865cde75a,2017-09-06,2022-12-23,6.001085945708376
ocds-0c46vo-0001-8165b038-7fb6-4dac-877e-e961233646b5,2017-09-06,2023-07-31,4.710267464623955
ocds-0c46vo-0001-949c1ad9-2536-451d-a89f-71e03aea0068,2017-09-06,2022-07-31,0.5155707159306876
ocds-0c46vo-0001-b247bcfe-8202-40bd-a522-2beef41eb4dc,2017-09-06,2022-12-31,4.7363594644696185
ocds-0c46vo-0001-b49c3965-e641-45df-b5e2-30f9f53db9c2,2017-09-06,2022-12-20,3.6585099647850856
ocds-0c46vo-0001-c04446a8-e9f2-469b-bd27-7977d378d946,2017-09-06,2021-12-31,8.008807762181357
ocds-0c46vo-0001-d024b39d-43ce-498b-a178-13159aef3227,2017-09-06,2022-12-24,4.746231299534884
ocds-0c46vo-0001-d7b37837-5622-4da3-b35b-01ed51d40440,2017-09-06,2023-07-06,0.5586443416627525
ocds-0c46vo-0001-d86adf01-702e-4b0d-b92f-a0fa2b145a72,2017-09-06,2022-12-31,3.6377871997940265
ocds-0c46vo-0001-e6e34a14-1968-4fe6-8830-8fd91b9ae9a0,2017-09-06,2023-01-06,5.9579569912731
ocds-0c46vo-0001-fb6a08d6-e13d-4535-8655-804a063a8485,2017-09-06,2024-07-31,1.1267765126
ocds-0c46vo-0001-c368b67a-0e29-466e-b967-604e5c110800,2017-09-08,2022-08-08,0.4868027618941504
ocds-0c46vo-0001-97dcf526-91c5-4fcf-bd9a-dcc1756cbe6d,2017-09-12,2022-08-28,1.2415253804527886
ocds-0c46vo-0001-2d5aebd4-8867-45dd-9984-31c1a5123f2a,2017-09-18,2022-07-31,2.3955085115371975
ocds-0c46vo-0001-9a0ad6ae-f512-4d5d-9689-724236a8b29d,2017-11-15,2022-11-14,0.08584409407561644
ocds-0c46vo-0001-5a4a3c2b-b651-482d-b332-71da20aedb23,2018-01-02,2021-07-31,0.8314519065849924
ocds-0c46vo-0001-e2e6ba9c-fed8-4bf0-b044-ccb88d7c88bc,2018-01-02,2021-07-31,0.8314519065849924
ocds-0c46vo-0001-de03b242-4afb-4c8d-9809-d87051e647f1,2018-01-04,2025-07-31,1.1643050734177216
ocds-0c46vo-0001-fa114e26-0f52-46c9-8c1a-e178141cd7f1,2018-01-18,2021-07-31,2.0659871478139538
ocds-0c46vo-0001-89f75540-7f0e-4c15-a69e-fe057eef9a4c,2018-01-31,2021-07-31,0.8439312302584181
ocds-0c46vo-0001-3f3d56be-67a2-423e-ab76-1593b8d79757,2018-02-05,2021-07-31,1.7073525000000003
ocds-0c46vo-0001-669ee276-cbbb-4a6f-9ad4-dc9bdc741916,2018-03-05,2023-03-04,8.986609848328769
ocds-0c46vo-0001-db53c48c-91e6-4286-acca-b519abe07a6f,2018-03-15,2021-07-30,0.9050263364963503
ocds-0c46vo-0001-27224f31-2ad2-471a-89b1-169a04bc3425,2018-04-01,2023-03-31,0.5250005753424658
ocds-0c46vo-0001-41d81987-4597-4a8f-9bfd-be011b6e3c62,2018-04-01,2021-03-31,0.9583343835616438
ocds-0c46vo-0001-4abab295-4eff-4461-8e07-4f939451f44c,2018-04-01,2021-03-31,0.4375004794520548
ocds-0c46vo-0001-4d1d583d-5a80-4b59-99a3-923cb098467c,2018-04-01,2021-03-31,2.1666690410958904
ocds-0c46vo-0001-4faabf2d-b95f-4b85-902a-4641f852750a,2018-04-01,2021-03-31,1.7500019178082191
ocds-0c46vo-0001-9cd98c1e-807f-4ae9-b70e-5dc2e92ccd21,2018-04-01,2023-03-31,0.24250026575342468
ocds-0c46vo-0001-9eaa3ef8-c08e-481a-887b-169b3b419a76,2018-04-01,2021-03-31,1.2500013698630137
ocds-0c46vo-0001-a0a3ee8f-5c3d-4cdb-9d6e-de17d8f59a84,2018-04-01,2021-03-31,4.458338219178081
ocds-0c46vo-0001-daab2ad0-6fd6-4109-99a9-6b61baf146b4,2018-04-01,2021-03-31,2.791669726027397
ocds-0c46vo-0001-db83dd47-26c5-4d78-91f2-6ce400473abf,2018-04-01,2021-03-31,0.4875005342465753
ocds-0c46vo-0001-1fe83083-749b-4299-8004-1590c9a9117c,2018-04-16,2023-07-31,3.015220695652174
ocds-0c46vo-0001-5dfbbd95-99b0-4a48-bfef-314dd5e83c71,2018-04-16,2023-03-31,3.2184565657458566
ocds-0c46vo-0001-661bb856-a66d-4e2a-8109-7d8004c8baf9,2018-04-16,2023-03-31,3.3793793940331494
ocds-0c46vo-0001-8340da9b-5625-4be8-b0ad-16127c2cb479,2018-04-16,2023-03-31,3.4330203367955803
ocds-0c46vo-0001-a334a258-4e24-4bd4-a3a6-b7b222c41161,2018-04-16,2023-03-31,3.0067160022099446
ocds-0c46vo-0001-f310dddf-46df-4c4d-8539-db0d00d98687,2018-04-16,2021-07-31,1.3731545830282863
ocds-0c46vo-0001-8f62cde6-1f27-4230-a9f5-832d94ccd408,2018-04-23,2023-07-31,1.5130925672727273
ocds-0c46vo-0001-9304cfdf-3af4-4f8a-a4fe-f5b7b3b95df0,2018-05-04,2021-04-30,0.0034636599313186815
ocds-0c46vo-0001-1e4eeec9-4876-40af-928c-a4e024cf3cdc,2018-05-14,2021-07-31,0.6746600238500852
ocds-0c46vo-0001-060518fb-e4c6-4ac3-b78e-c5efcfb0c95c,2018-06-04,2022-07-31,0.8251172833543873
ocds-0c46vo-0001-a46e7c5d-52c5-44b5-b8a2-64dc69611bcd,2018-06-05,2022-07-31,1.672794186526038
ocds-0c46vo-0001-c54f5d95-f700-4325-9e74-c04ae1d47e1f,2018-06-06,2024-07-31,1.376313034766355
ocds-0c46vo-0001-4a7f2809-98cc-451a-99f5-bae7861f8e43,2018-06-07,2023-07-30,6.798836615220862
ocds-0c46vo-0001-c44add4b-c5be-4906-9938-85ccdfc1ff18,2018-06-18,2025-07-31,0.5041217063076923
ocds-0c46vo-0001-62e62fa8-97d1-44b2-806d-b92a87ea304d,2018-07-01,2024-06-30,0.0971779552715655
ocds-0c46vo-0001-81cd21a8-6425-4b4c-a82d-e6ba70a03f4c,2018-07-05,2023-07-31,1.7658766652267817
ocds-0c46vo-0001-5cbdf6f4-9e6f-4329-b58d-b6f4f6739944,2018-07-29,2023-07-29,9.163701261733209
ocds-0c46vo-0001-f3b401a9-dc6f-4764-af44-0ef61c764b16,2018-07-29,2023-07-29,13.486145158839037
ocds-0c46vo-0001-4c928e75-51f1-492a-bef7-620d171dcf5b,2018-08-19,2023-08-19,5.730566247207009
ocds-0c46vo-0001-b1eefa9d-8928-41a4-b0f5-3342c18266c1,2018-08-19,2023-08-19,1.6033293214196056
ocds-0c46vo-0001-b77d415f-da13-4bec-b1b6-b54d8634801b,2018-08-19,2023-08-19,3.304792158652114
ocds-0c46vo-0001-89261c7c-4e37-48b3-ac16-b07de2b0b601,2018-09-01,2022-07-31,0.8153123000699791
ocds-0c46vo-0001-f0dae9a8-42ad-41e5-be25-913025e07748,2018-09-01,2022-07-31,0.9002006142318265
ocds-0c46vo-0001-07c15ebd-14d8-4ad2-9294-d08c68e7141e,2018-09-02,2023-09-04,29.069626681761992
ocds-0c46vo-0001-09b2f809-1520-4a29-b7d5-aa1df5f4601a,2018-09-03,2021-07-31,1.6446808042711862
ocds-0c46vo-0001-0a5faadb-8bcc-4bfa-9757-e294d736be74,2018-09-03,2024-07-31,0.6748617219647823
ocds-0c46vo-0001-0fb0ca71-d14e-46e3-b0ed-4a6c9472f6b4,2018-09-03,2023-07-31,1.3003139250000002
ocds-0c46vo-0001-10bba80d-6ea8-49d7-b73a-7e38944dff56,2018-09-03,2022-07-31,2.0411374856341977
ocds-0c46vo-0001-124244a0-f843-4af6-bda8-71469ee4cb9f,2018-09-03,2023-07-31,0.704336709375
ocds-0c46vo-0001-1a850c37-de25-4797-93a2-de67d6e3d4d9,2018-09-03,2025-07-31,1.3367434387633768
ocds-0c46vo-0001-1b11af82-3abf-441c-bd53-eecf567ee9b5,2018-09-03,2022-07-31,1.7009479046951645
ocds-0c46vo-0001-1c0ea906-d5ec-4852-bd39-f29a0bfaa459,2018-09-03,2023-07-31,0.9481455703125
ocds-0c46vo-0001-2ad2fd5f-4748-4a78-8452-8fa4847dbfa1,2018-09-03,2021-07-31,1.0604945708474576
ocds-0c46vo-0001-3993fe60-1ca1-4dec-b52a-da9faa40d854,2018-09-03,2021-07-31,1.0970633491525423
ocds-0c46vo-0001-494780a9-a6cf-44ee-8e5e-182e1a319733,2018-09-03,2022-07-31,2.449364982761037
ocds-0c46vo-0001-49bc0dcd-4f89-41a5-aaf8-a043a427d443,2018-09-03,2022-07-31,2.2162670819016115
ocds-0c46vo-0001-4e226523-a96e-4365-a68f-4840465b9163,2018-09-03,2022-07-31,1.3097298866152767
ocds-0c46vo-0001-5e0fb8e2-993e-4b2f-b420-1d00e297f4c6,2018-09-03,2021-07-31,1.23419626779661
ocds-0c46vo-0001-66c1fab4-418a-4cdf-9225-cae75133149f,2018-09-03,2025-07-31,1.6162443395957193
ocds-0c46vo-0001-71e00f5a-fd75-4f72-97f5-930769ac6574,2018-09-03,2023-07-31,1.875431938078125
ocds-0c46vo-0001-7b7a8bb2-4596-4603-ab99-abb462496c93,2018-09-03,2021-07-31,1.0970633491525423
ocds-0c46vo-0001-7e041895-fffb-4001-845c-e75869c7c9e8,2018-09-03,2023-07-31,1.6253924062500003
ocds-0c46vo-0001-7fd4f27d-33af-4004-9927-c93c96dab59e,2018-09-03,2023-07-31,2.37036392578125
ocds-0c46vo-0001-85fb1e01-e81c-4b8a-9c4b-d1c704c603ad,2018-09-03,2022-07-31,1.0921876019621584
ocds-0c46vo-0001-b03e6ba4-89f4-46ce-8880-efec43782aad,2018-09-03,2023-09-01,2.7681774415105265
ocds-0c46vo-0001-b952c9e8-6e35-46df-b516-acf728495b0e,2018-09-03,2022-07-31,1.3590573758514364
ocds-0c46vo-0001-c043eafe-edef-4efb-a39e-d93a32c9d96f,2018-09-03,2022-07-29,0.8516676
ocds-0c46vo-0001-c5184c46-376e-4e31-8e44-96e4aece002a,2018-09-03,2024-07-31,0.989797192215014
ocds-0c46vo-0001-dbeb627f-a7fb-4c78-bb02-2704496f10c3,2018-09-03,2023-07-31,1.479486347915625
ocds-0c46vo-0001-10f2a72a-a475-4115-8b56-0c7561aa14b7,2018-09-04,2021-07-31,0.8296320453770784
ocds-0c46vo-0001-13fd491a-05fe-44b5-8d74-8be96535c007,2018-09-04,2021-07-31,1.0294662554194156
ocds-0c46vo-0001-1e1643c3-f17a-4d7f-b195-5b74461de219,2018-09-04,2022-12-30,5.707468231939164
ocds-0c46vo-0001-29034585-1302-4370-b037-f9dabc64e8b2,2018-09-04,2024-07-31,1.0690714497479832
ocds-0c46vo-0001-290fda8b-4502-4859-8928-692833181405,2018-09-04,2024-07-31,1.6204190219749652
ocds-0c46vo-0001-2d608b72-d1f6-466e-8e83-a0c9c2d86e16,2018-09-04,2023-07-31,1.490774944723618
ocds-0c46vo-0001-3df19388-6b50-458b-ab59-d017380365e5,2018-09-04,2025-07-31,1.0490890124926249
ocds-0c46vo-0001-426ed302-e700-477b-8caa-af7145c07462,2018-09-04,2022-12-23,3.069906610617441
ocds-0c46vo-0001-55266072-5db6-445c-8aed-343fb3d2a719,2018-09-04,2022-07-31,0.680856286115007
ocds-0c46vo-0001-604abbdd-a784-46df-b658-aa2c3e229509,2018-09-04,2022-07-31,1.94044041542777
ocds-0c46vo-0001-605b6f75-17e0-41bf-b879-a944b344453f,2018-09-04,2021-07-31,0.8922040880301603
ocds-0c46vo-0001-655cde71-0884-4783-951d-4f16f1305816,2018-09-04,2025-07-31,1.5495149812053928
ocds-0c46vo-0001-657fa877-faf7-48a7-87cc-d45b6113fc59,2018-09-04,2023-12-31,4.360853544444444
ocds-0c46vo-0001-73ec2944-bcf7-4057-8904-e2738386b04d,2018-09-04,2021-07-31,1.2811135622997174
ocds-0c46vo-0001-78a3c1ef-8f1f-487f-894f-b40ee7b892fe,2018-09-04,2021-07-31,0.797264422252592
ocds-0c46vo-0001-84b654f6-5ef0-4a2b-842c-704b1b6e3481,2018-09-04,2022-07-31,1.1288597223786818
ocds-0c46vo-0001-887ab3fc-360b-4eef-b4ce-8a6908afd863,2018-09-04,2022-07-31,1.2255413150070127
ocds-0c46vo-0001-be9c2983-33eb-4379-8fcb-9dc5d35bde5c,2018-09-04,2021-07-31,1.0643838243166825
ocds-0c46vo-0001-c1ace7b0-440c-4c0a-8250-d4222cf5d23d,2018-09-04,2022-12-23,3.069906610617441
ocds-0c46vo-0001-c5f002c1-ae8d-4e4b-81f2-5b2ee73b585e,2018-09-04,2022-07-31,0.9531988005610099
ocds-0c46vo-0001-c752e40a-9229-4602-9521-61c604cc724c,2018-09-04,2022-12-23,3.5028421582686184
ocds-0c46vo-0001-d94f74a7-be81-4f1a-b8b6-6764e0ac7062,2018-09-04,2023-07-31,2.202823268321608
ocds-0c46vo-0001-ed7fae26-26f9-44e1-879f-21f0cb1108a3,2018-09-04,2021-07-31,2.5256238799623
ocds-0c46vo-0001-037de831-514d-4a32-90af-2f6f17cc85f9,2018-09-05,2025-07-31,0.0005574183022610075
ocds-0c46vo-0001-15b70e99-2977-4827-a8df-3560e6d2c181,2018-09-05,2025-07-31,1.6215805156683858
ocds-0c46vo-0001-1c26be43-d318-4e52-8139-0b60ca6a45ae,2018-09-05,2022-07-31,0.8584809408
ocds-0c46vo-0001-2aa841e5-c92d-4054-a890-52e96ceda73f,2018-09-05,2021-07-31,1.8547874100000001
ocds-0c46vo-0001-36bb099f-af92-47a2-b246-e84cb22efc3a,2018-09-05,2025-07-31,1.3176101805672353
ocds-0c46vo-0001-40f23c75-5535-48c5-8ecc-4e156a954e1c,2018-09-05,2024-07-31,1.0807804051948053
ocds-0c46vo-0001-4d8380ea-7867-4d94-a278-602e679a6df3,2018-09-05,2021-07-31,1.3739166
ocds-0c46vo-0001-5c231c9c-0356-4a04-a92a-3e1dd9229935,2018-09-05,2025-07-31,1.3175341689805633
ocds-0c46vo-0001-68bdbc3a-b8cc-46e6-a705-d4725f929d88,2018-09-05,2021-07-31,3.0937853998800002
ocds-0c46vo-0001-73329d31-f40e-471e-a57f-9c24557bf4f4,2018-09-05,2026-07-31,1.544554967089397
ocds-0c46vo-0001-763f642d-d28d-4bd5-bdaf-772cbb10bd71,2018-09-05,2025-07-31,1.451875020288933
ocds-0c46vo-0001-80373fd4-a9b6-4f98-9008-ab4202ebc12e,2018-09-05,2023-07-31,1.1200618419888269
ocds-0c46vo-0001-940ec455-1426-44bd-8363-72936c7f783a,2018-09-05,2023-07-31,1.8765781878067038
ocds-0c46vo-0001-96339a7f-2bc7-4303-bb11-c4cd74db50be,2018-09-05,2024-07-31,0.810585303896104
ocds-0c46vo-0001-994fa5ba-c7df-4c5a-ba02-928e8c5f69c6,2018-09-05,2022-07-31,3.3385369919999994
ocds-0c46vo-0001-a50bd3a4-9043-4683-ab32-853930b821aa,2018-09-05,2023-07-31,0.8922526537877095
ocds-0c46vo-0001-a6d707c0-8963-45a3-96e1-c81e1e6cf869,2018-09-05,2023-07-31,2.2798004509226812
ocds-0c46vo-0001-a8bfb215-51dc-4d84-80e1-fef60c8abd7b,2018-09-05,2023-07-31,2.4408127307262566
ocds-0c46vo-0001-c349c05b-ed94-40e3-8c2f-b8fa57951ab6,2018-09-05,2022-07-31,1.430801568
ocds-0c46vo-0001-c4f243fc-dbcb-4902-9038-37bffce309d3,2018-09-05,2021-07-31,1.57615712352
ocds-0c46vo-0001-c850a192-444f-4e22-8f69-7d8170b5dec0,2018-09-05,2021-07-31,1.298351187
ocds-0c46vo-0001-c8adbbe4-5b0a-4038-8510-5ea577261123,2018-09-05,2025-07-31,1.1727067591749307
ocds-0c46vo-0001-d480a9e5-f1fa-45da-82a0-0735fb91df40,2018-09-05,2021-07-31,1.5908508
ocds-0c46vo-0001-d4ed3b34-6ef6-44a5-a51a-91c1a2d0e10b,2018-09-05,2025-07-31,1.48273268401428
ocds-0c46vo-0001-e16d48f6-eac4-4f21-9490-827de5b44fc9,2018-09-05,2022-07-31,1.0015610976
ocds-0c46vo-0001-e6912cda-a245-47e3-83cc-759d678d15e6,2018-09-05,2022-07-31,1.430801568
ocds-0c46vo-0001-f0494175-bcaf-4349-b316-7ccc900e2ae3,2018-09-05,2022-07-31,0.9598770785856
ocds-0c46vo-0001-fad30eb0-5502-472a-a9c4-4fcfdaa08243,2018-09-05,2021-07-31,1.4944355999999999
ocds-0c46vo-0001-cb2dad5a-464a-4cee-bb34-8e90327cb459,2018-09-06,2023-07-31,0.9497355293460034
ocds-0c46vo-0001-101e86a5-f151-42ca-8f8c-c62ad93ee7b5,2018-10-16,2021-10-14,0.012405270374204753
ocds-0c46vo-0001-5e88d462-21fb-44aa-8f80-6c656e8f151f,2018-10-28,2023-10-28,3.39237488415115
ocds-0c46vo-0001-823b0b10-482d-4e14-9956-a8f161f03764,2018-10-28,2023-10-28,11.361786821467689
ocds-0c46vo-0001-71479301-af39-40fb-8fbf-a48185f1d6af,2018-10-29,2024-07-31,1.7539814654614654
ocds-0c46vo-0001-5432face-f884-4842-91eb-b3024d9db9b7,2018-11-04,2023-11-04,1.4665380255640745
ocds-0c46vo-0001-3d069274-57ad-45f6-a58e-759882622334,2018-11-05,2023-07-31,0.9125009999999999
ocds-0c46vo-0001-9e00191f-ffbb-40c4-9e86-ff48a422191d,2018-11-05,2023-11-03,2.441775833810526
ocds-0c46vo-0001-784f666c-4158-4c49-8e95-555445fb8036,2018-11-21,2022-07-31,1.44619223768546
ocds-0c46vo-0001-17a6d1a4-a80c-47bd-b084-d45ce3285ca5,2018-11-26,2021-11-27,6.148776109389243
ocds-0c46vo-0001-28c0b9e1-d6b3-4875-b105-a1079559625a,2018-12-03,2023-07-31,1.6470079777777777
ocds-0c46vo-0001-488bee19-07ec-49c3-9e6b-04ccb3a4a324,2018-12-03,2025-07-31,1.6059090841171872
ocds-0c46vo-0001-499c6b37-2524-4601-9866-85d3569f6df9,2018-12-03,2021-07-31,0.9282606722657054
ocds-0c46vo-0001-b3ef28cd-9915-41f9-b167-caccd8917975,2018-12-03,2023-07-31,2.1677306163333334
ocds-0c46vo-0001-a9fe4ca5-694f-40ee-9f3e-4baf9bf9916e,2018-12-06,2021-07-31,2.3230491935318183
ocds-0c46vo-0001-e4440598-7897-4bc0-aa5f-50b608394806,2018-12-30,2023-12-30,27.20240567938804
ocds-0c46vo-0001-4ebcac53-63ad-42c0-8ffd-0c55e3a3bfcc,2019-01-07,2025-07-31,1.3430552891113894
ocds-0c46vo-0001-9600ee8a-0f92-4007-91f6-3571caa1fc46,2019-01-07,2023-07-31,2.3301748225210086
ocds-0c46vo-0001-a491e60a-f372-4714-95a2-03bdd09799f0,2019-01-07,2022-07-31,1.5715977369011531
ocds-0c46vo-0001-df244353-c3cc-4901-9aba-3930c9bc7cbf,2019-01-07,2025-07-31,1.5445135824780976
ocds-0c46vo-0001-f3417eb7-ca24-4b93-9086-6145c7f31a2f,2019-01-07,2021-07-31,1.6951460884615384
ocds-0c46vo-0001-6fdc372b-343f-4dbb-a166-27dd8ae504ce,2019-01-11,2021-07-31,2.326642571201717
ocds-0c46vo-0001-f9c91f54-8c23-4381-a230-d0f7ae65bd12,2019-01-14,2021-07-31,1.6653667766182991
ocds-0c46vo-0001-5e77d12b-9a49-494b-b472-75d00e99e363,2019-01-21,2024-07-31,0.2025770307234886
ocds-0c46vo-0001-abe9c4fb-908f-414e-a65a-fb49648ccce6,2019-02-04,2023-07-31,2.224318676923077
ocds-0c46vo-0001-59702af4-5feb-4b5c-8632-c821a7f34408,2019-02-11,2026-07-31,1.0034499445544556
ocds-0c46vo-0001-22260c5e-3e5f-4656-bb0f-d22cf81e5991,2019-02-14,2022-07-31,1.6068734260383848
ocds-0c46vo-0001-68204347-3301-4ba9-b240-10c9e7ecfd47,2019-02-25,2024-12-31,4.3737676676966295
ocds-0c46vo-0001-8e853396-45ad-495d-91eb-5cba375507cc,2019-02-25,2023-07-31,1.2877719740259739
ocds-0c46vo-0001-d2bcd82b-68c5-4d9b-a77c-21a6df187c74,2019-03-04,2024-12-31,4.351545398215125
ocds-0c46vo-0001-0614379d-007a-41d5-babf-2a5afb899dbf,2019-03-07,2022-07-31,0.712808752173913
ocds-0c46vo-0001-deead487-37ed-4b13-af36-70b468475713,2019-03-23,2021-08-01,0.15878787703016242
ocds-0c46vo-0001-1c0484d4-c1eb-4dd4-be9d-cfff29d7023d,2019-03-25,2021-07-31,0.9137332481490105
ocds-0c46vo-0001-e626d330-3534-4ed6-8fda-b1ca2d6420cc,2019-03-26,2022-03-25,0.006573618315068493
ocds-0c46vo-0001-03fcc175-8c5f-447b-9b09-a898ec9b2755,2019-03-31,2022-04-02,16.65375490822951
ocds-0c46vo-0001-14cc6f4f-b3ce-4797-a367-12c3fe1e2f65,2019-03-31,2023-11-11,39.08406695636242
ocds-0c46vo-0001-294ca00b-35ff-4c60-80ed-54df23bbb25d,2019-03-31,2024-03-30,1.7128873097743702
ocds-0c46vo-0001-2dfa7378-6225-443c-8b7a-aa332cc06f18,2019-03-31,2022-03-30,6.150556740328767
ocds-0c46vo-0001-5e33740f-9715-4ca4-846f-475d16a348e1,2019-03-31,2022-03-30,6.773207422684931
ocds-0c46vo-0001-820770f6-17ec-4c9c-8cc2-8b86866d8f27,2019-03-31,2022-03-30,3.2366868803835613
ocds-0c46vo-0001-8d667d8c-5887-49db-a018-5c0ddf5d29cf,2019-03-31,2022-04-02,23.887270339914753
ocds-0c46vo-0001-aeebaaa3-c373-48d4-b0e9-9aa2e7fff160,2019-03-31,2024-03-30,32.57590790659584
ocds-0c46vo-0001-c64adc0c-da2c-42d4-989b-0fe18cc132dc,2019-03-31,2021-03-30,14.758186173336988
ocds-0c46vo-0001-cdb505ba-1c6b-48b7-8bbf-f6fce82595d9,2019-03-31,2022-03-30,3.8368675381150683
ocds-0c46vo-0001-ebfa19f5-0f08-4312-869d-f1614ec1096b,2019-03-31,2024-03-30,1.2276447040701424
ocds-0c46vo-0001-6755f246-0fd2-4432-af95-32196aa5aa8c,2019-04-01,2024-03-31,1.998906900328587
ocds-0c46vo-0001-78699810-9ef4-4f20-b2ea-f1571240b773,2019-04-01,2022-03-31,0.16666684931506848
ocds-0c46vo-0001-b368513d-7bb9-4fca-9e2f-6d7dcd1bf743,2019-04-01,2022-03-31,0.4010421061643835
ocds-0c46vo-0001-fc3984eb-f1d0-4a27-b2ca-0d6064dd2f3d,2019-04-01,2026-03-31,5.405033309859155
ocds-0c46vo-0001-0c32b176-cdcd-4a23-8767-ae0e6677106f,2019-04-23,2024-07-31,1.7378264112149533
ocds-0c46vo-0001-0f920f03-330f-4c70-80a3-e4a9f5c943d9,2019-04-23,2021-07-31,1.339289371327229
ocds-0c46vo-0001-21afd1b2-049f-429b-ada2-6d52d4b74488,2019-04-23,2022-07-31,0.8755428005020922
ocds-0c46vo-0001-357da9be-e0ab-4e63-8374-652469e006f8,2019-04-23,2023-07-31,0.9563899583538462
ocds-0c46vo-0001-5215f352-be6f-4ed2-84e7-c161ecddd391,2019-04-23,2024-07-31,1.114172249046729
ocds-0c46vo-0001-82121b28-bcdd-48dd-a71c-e3e3989b4c63,2019-04-23,2024-07-31,2.8495046803738315
ocds-0c46vo-0001-a0440d41-0f60-4958-9ad5-ba7e6528bb29,2019-04-23,2023-07-31,1.139924326153846
ocds-0c46vo-0001-b118dc07-08d8-4f3d-bb2a-6e7397ee1979,2019-04-23,2026-07-31,1.8705304403308736
ocds-0c46vo-0001-b1f26b4c-2b92-4578-834f-9c08978535a7,2019-04-23,2026-04-04,1.2113612565957448
ocds-0c46vo-0001-cb811679-3c9c-49ba-bad1-de07d921b069,2019-04-23,2023-07-31,2.178303669230769
ocds-0c46vo-0001-f79b204c-09a4-4e3c-b498-180a3e9830c7,2019-04-23,2023-07-31,1.8895555963846153
ocds-0c46vo-0001-f8f83d98-b318-4358-b29a-143728ffe137,2019-04-23,2025-07-31,0.6708136989087735
ocds-0c46vo-0001-a408df8a-4321-4b31-813a-97b684d3456b,2019-04-24,2021-09-01,9.89160975609756
ocds-0c46vo-0001-f747a60f-21e1-40aa-8561-a35d25854d19,2019-04-24,2021-07-31,2.3012284567527144
ocds-0c46vo-0001-ff6368a8-b6cd-4764-b336-7f46eaa36abf,2019-04-24,2023-07-31,0.9247340153303399
ocds-0c46vo-0001-a05f7d76-aba4-4e1e-be74-1e2dcd6cd6fa,2019-04-28,2022-04-27,0.9403343638356163
ocds-0c46vo-0001-059c1e74-483c-4c9e-a28c-272de89d6020,2019-04-29,2021-05-01,10.374045020463846
ocds-0c46vo-0001-384a5249-f6c0-4f2e-aa0b-31ad0985d9fb,2019-04-30,2023-04-29,5.208339041095891
ocds-0c46vo-0001-2b8992e9-829a-4bf4-a68b-83a11c5ea0e3,2019-05-02,2022-08-26,0.06479861336633663
ocds-0c46vo-0001-8f9cd9fd-f469-4581-9f64-d82fde195e6a,2019-05-13,2021-07-31,6.262671455786667
ocds-0c46vo-0001-8fdbd931-e50b-4d8d-9a3f-df54f50fc4e0,2019-05-13,2021-05-01,0.07149405146036161
ocds-0c46vo-0001-9925bbac-de9b-4a8c-b990-8099d0033d29,2019-05-20,2021-09-30,0.10099822989583333
ocds-0c46vo-0001-d2ac1fb5-4d5e-44d2-b889-9ecf52dbc500,2019-05-20,2021-09-30,0.07692186284722222
ocds-0c46vo-0001-bccaa8d3-2b1a-4103-bb2b-944310c16187,2019-05-27,2021-10-29,23.34464559819413
ocds-0c46vo-0001-75a640b0-361a-446e-a115-ccb26d555f9d,2019-06-03,2024-05-31,1.13112103125
ocds-0c46vo-0001-9f4f4431-db99-4c98-82d2-9da7a7aa4753,2019-06-03,2022-07-31,1.9672857347833623
ocds-0c46vo-0001-554c8320-8a30-41db-b9c9-8c5a96fb6f7c,2019-06-06,2022-08-26,14.213411214953272
ocds-0c46vo-0001-9c6775f8-b55a-4cd7-9881-7225050d5cf9,2019-06-28,2021-08-31,14.46228
ocds-0c46vo-0001-af0c32b8-846b-4ba2-9166-04a39b2d5c4f,2019-07-01,2021-08-31,11.291047727272726
ocds-0c46vo-0001-b2d11ee6-2042-4f6a-a19c-7366d2f03c00,2019-07-01,2024-07-31,3.966487060885299
ocds-0c46vo-0001-114edbf1-b236-4ec2-a264-6f57fa3f3c17,2019-07-08,2022-07-31,2.0800736736321714
ocds-0c46vo-0001-afbdb0eb-a0cf-4769-9644-b2ff46da6b21,2019-07-08,2024-07-01,0.21609226978021978
ocds-0c46vo-0001-ed75fbce-8696-41af-9333-f0f57e68c13e,2019-07-11,2022-08-31,0.026518482999128158
ocds-0c46vo-0001-6476e96c-1d38-4ddb-8230-326f0ff19c87,2019-08-01,2023-07-30,0.1501029746401645
ocds-0c46vo-0001-6d7ec696-dc68-4e1b-a7f8-aac41ed44926,2019-08-04,2024-08-03,5.045877268495729
ocds-0c46vo-0001-7e1178ff-4b25-4891-a124-cc0ffbf6702d,2019-08-21,2021-06-12,3.313165506807867
ocds-0c46vo-0001-95647a0c-1d24-46d7-bbb5-1ac5d8139ffa,2019-09-01,2024-08-31,0.005830145125958378
ocds-0c46vo-0001-0dcb4f69-efd9-4dfa-abad-b9d62c19551b,2019-09-02,2024-07-31,1.3233817875150504
ocds-0c46vo-0001-232fb09e-baf6-4593-8a6d-4e3a32565854,2019-09-02,2022-09-02,0.3443762788581022
ocds-0c46vo-0001-24af2123-419c-4968-8272-4a3f626f33c4,2019-09-02,2022-07-31,1.0549301306867358
ocds-0c46vo-0001-3c5da5e8-d15e-44e1-ae45-3f2ad34e4050,2019-09-02,2024-07-31,1.4471513072107023
ocds-0c46vo-0001-574176fb-9f5e-4698-8fc7-04b387319e85,2019-09-02,2023-07-31,0.6834811411764706
ocds-0c46vo-0001-5c5f57ca-89ae-42af-b4f4-b0ccc504198a,2019-09-02,2021-07-31,1.677955993581662
ocds-0c46vo-0001-69297e4e-7130-45d1-a799-11de720cef9d,2019-09-02,2024-07-31,1.6109079025003346
ocds-0c46vo-0001-6e987e56-fa74-4f30-91cc-72c2a4efecbe,2019-09-02,2021-07-31,1.7828282431805156
ocds-0c46vo-0001-799f997a-6fb1-44e3-a7bb-7734a325506a,2019-09-02,2021-07-31,1.8667260428595986
ocds-0c46vo-0001-87cc28bc-ccf1-4ef9-986a-694857814f66,2019-09-02,2021-07-31,1.5648477034383952
ocds-0c46vo-0001-8f936c71-1f03-4e43-9c93-878406d4c107,2019-09-02,2024-07-31,1.3529836454849498
ocds-0c46vo-0001-90547e02-3c51-4e64-96a3-a0ba698b1017,2019-09-02,2021-07-31,1.5049167817435527
ocds-0c46vo-0001-9ffe2e57-4870-45c7-af2d-1d7990749f8f,2019-09-02,2021-07-31,1.2518781627507163
ocds-0c46vo-0001-a976ea51-aa71-4d68-951c-26c348fd6208,2019-09-02,2024-09-02,0.04390077106239737
ocds-0c46vo-0001-c1cf8f2b-dfe0-45bb-9b42-62fcd30c4fea,2019-09-02,2021-07-31,1.213581672357937
ocds-0c46vo-0001-e030ff82-16fd-4ff4-bdc0-159e71d0bf58,2019-09-02,2024-07-31,1.1996122678193981
ocds-0c46vo-0001-1f529d8f-811b-47c0-960d-39591d636361,2019-09-03,2022-07-31,0.6892733542372881
ocds-0c46vo-0001-31b68757-3e45-4bb3-88f2-ac3b1268dcd8,2019-09-03,2022-07-31,1.8362242156881354
ocds-0c46vo-0001-39ad79fa-291d-45f2-8624-8f57f64b188b,2019-09-03,2021-07-31,3.9096454897033
ocds-0c46vo-0001-608d9fe7-5196-4d98-b533-a4fb00df3e3f,2019-09-03,2024-07-31,2.0614355385249303
ocds-0c46vo-0001-7af4fb1d-3199-4960-89d2-2f21565642a5,2019-09-03,2022-07-31,0.6065605517288135
ocds-0c46vo-0001-94d5aec6-726b-4d03-a896-7eee685bb06d,2019-09-03,2022-07-31,2.88465493904
ocds-0c46vo-0001-99cdba3c-cf63-4081-ac98-6ac991d112e4,2019-09-03,2024-07-31,1.8387983229831568
ocds-0c46vo-0001-b57e9e39-5ca9-4caf-b5a5-b0b9ae7cf4ad,2019-09-03,2025-12-31,1.6064013493604499
ocds-0c46vo-0001-bc484717-f9a2-45f9-a168-96907dda188a,2019-09-03,2022-07-31,2.9712132372881355
ocds-0c46vo-0001-040e8322-b4f2-405c-baeb-53242d12117c,2019-09-04,2021-07-31,1.673967351724138
ocds-0c46vo-0001-04778dc4-df23-4919-91d2-a8e733ec7228,2019-09-04,2025-07-31,0.6515790172573017
ocds-0c46vo-0001-05adf010-ee86-477a-9a4f-918148a93bb7,2019-09-04,2024-07-31,0.80063408053125
ocds-0c46vo-0001-08270b8c-fbd0-435f-a0b0-6d99319d4d49,2019-09-04,2026-07-31,1.408675770556701
ocds-0c46vo-0001-0bf1498f-a2e8-4431-8012-93dbcbe8934c,2019-09-04,2023-07-31,3.5933086363253857
ocds-0c46vo-0001-13e3aa8e-2e1f-4526-b051-e49d7517ebe9,2019-09-04,2024-07-31,1.1189814411234376
ocds-0c46vo-0001-14d1d742-7199-4fca-b36d-7b69f19575be,2019-09-04,2023-07-31,1.8076734396353438
ocds-0c46vo-0001-1690ae8f-6c36-43f0-830f-ebccba713cfd,2019-09-04,2024-07-31,2.0383762436001565
ocds-0c46vo-0001-1b682ff7-bcbf-4f2c-b972-314a7ef8730e,2019-09-04,2022-07-31,1.4629257313854855
ocds-0c46vo-0001-1bcfad0f-1691-4302-acd0-b0142f75c9ca,2019-09-04,2026-07-31,1.7904308756745442
ocds-0c46vo-0001-1bdfabd3-bd1b-495e-8944-6d86700db3b0,2019-09-04,2024-07-31,1.1404950779812502
ocds-0c46vo-0001-2704c83b-8592-4504-b03f-d340309b86fb,2019-09-04,2022-12-31,4.745907177924217
ocds-0c46vo-0001-284fabe8-cf44-4604-9688-c50c64072be0,2019-09-04,2024-07-31,1.19278138528125
ocds-0c46vo-0001-2b857388-ee8e-4862-af13-8477693f214c,2019-09-04,2024-07-31,1.1437629721875
ocds-0c46vo-0001-2bdf0aae-6c17-4e7c-a9ca-a47b5d354bfd,2019-09-04,2021-07-31,1.8720901981551723
ocds-0c46vo-0001-2f061e47-547d-4aba-9208-069f65a4e387,2019-09-04,2021-07-31,2.088274271275862
ocds-0c46vo-0001-38a3e524-150f-49d1-a6e0-1d9233d2105d,2019-09-04,2021-07-31,1.7785903112068966
ocds-0c46vo-0001-38ccae6f-1fe6-48ed-b88a-44332b8da5d5,2019-09-04,2024-07-31,1.3915782828281251
ocds-0c46vo-0001-38d9238e-181b-4e97-852c-cc5146f5564a,2019-09-04,2026-07-31,1.07792346518636
ocds-0c46vo-0001-3b14fb5e-ba8a-47d8-9085-e3fc11f3624e,2019-09-04,2026-07-31,1.5657972988111022
ocds-0c46vo-0001-41539858-ed6a-4fc5-ac8a-26fc6a6342a6,2019-09-04,2023-07-31,1.1063914649368864
ocds-0c46vo-0001-4d15db4f-722a-4ae7-8795-eaf06e321042,2019-09-04,2026-07-31,1.6348765914057097
ocds-0c46vo-0001-50245e39-8bcf-437d-b02e-9dfd8a98ed2d,2019-09-04,2022-07-31,2.7817695329598493
ocds-0c46vo-0001-59388515-5dc3-44a4-8e02-311109a9a441,2019-09-04,2021-07-31,1.3882916076206895
ocds-0c46vo-0001-59fc79d0-f854-4f28-b3db-c4967cc9e367,2019-09-04,2023-07-31,1.0882591870014025
ocds-0c46vo-0001-5eb626f3-79c4-4c88-9a63-9bd2cb10a2ff,2019-09-04,2022-07-31,2.897676596833177
ocds-0c46vo-0001-62297838-99a3-4c72-aca3-01b094d30378,2019-09-04,2022-07-31,1.7404457527645618
ocds-0c46vo-0001-6842eabb-fe1f-4cc0-b0f2-3dcbd1e2a2d9,2019-09-04,2023-07-31,1.8454788807854137
ocds-0c46vo-0001-69f91cea-baab-45e6-a57e-e55c41ad8935,2019-09-04,2024-12-31,3.3487613819537274
ocds-0c46vo-0001-6dbcd37c-cb6d-4b72-8637-05adca05d7df,2019-09-04,2024-07-31,1.5210141258473437
ocds-0c46vo-0001-7f35c607-5afd-4be5-b6d2-81cce7195238,2019-09-04,2024-07-31,1.94439705271875
ocds-0c46vo-0001-80890994-8019-4395-9456-95534afdf7f4,2019-09-04,2021-07-31,2.6854327561551723
ocds-0c46vo-0001-80b75d8b-4473-45a6-8b85-704f331b49bf,2019-09-04,2022-07-31,1.4315902234354385
ocds-0c46vo-0001-81f69ce3-22f4-4461-b14b-ce6894829403,2019-09-04,2024-07-31,1.5210141258473437
ocds-0c46vo-0001-8210473a-fe50-498b-bde0-47cd932592a2,2019-09-04,2024-07-31,2.0183603915868753
ocds-0c46vo-0001-8655ee1b-3532-4f36-ad77-472c7643f990,2019-09-04,2026-07-31,0.80844259888977
ocds-0c46vo-0001-86903656-947d-48a3-bd77-a4c6191a8006,2019-09-04,2026-07-31,1.5077454469294211
ocds-0c46vo-0001-927d7eee-d696-4408-a861-2e70870c9690,2019-09-04,2022-07-31,1.4183757296889727
ocds-0c46vo-0001-9644c9b0-c99f-4e1f-b98c-bba5395166f2,2019-09-04,2024-07-31,1.45421292178125
ocds-0c46vo-0001-9d84f602-5f2f-4061-a999-a47b41c50eb8,2019-09-04,2026-07-31,1.4602820656126725
ocds-0c46vo-0001-9da888b8-308b-449e-8026-3f085697e62d,2019-09-04,2025-07-31,1.8846018103310154
ocds-0c46vo-0001-a0b94995-42a6-4d05-81e8-9eba8f338701,2019-09-04,2024-07-31,1.913352057759375
ocds-0c46vo-0001-a2d43c0e-6d9e-4a7c-a660-8d099df5ee8d,2019-09-04,2024-07-31,1.2190443046875
ocds-0c46vo-0001-a30bccb5-eacf-4b13-b8bd-89f3580d30b3,2019-09-04,2023-07-31,1.4371181226080785
ocds-0c46vo-0001-a437de3f-5112-46c2-86f2-2208fcc44ee1,2019-09-04,2024-07-31,2.174047890328125
ocds-0c46vo-0001-a85ddab3-57be-4cbc-a455-ab73d4c7ee7f,2019-09-04,2023-07-31,3.2170459518934083
ocds-0c46vo-0001-acee7ee9-af67-4403-b6d0-75d39e2d027a,2019-09-04,2023-07-31,1.6118555882945302
ocds-0c46vo-0001-acf30dcb-ffcc-4798-a2be-c768c7fb07db,2019-09-04,2024-07-31,0.9738324734625001
ocds-0c46vo-0001-ad6dd0d0-243e-452a-b005-0e019fbc006b,2019-09-04,2021-07-31,2.8042789316560346
ocds-0c46vo-0001-b0e309e0-c4eb-43cb-af10-5e5e9963cd98,2019-09-04,2023-07-31,0.8851131719495092
ocds-0c46vo-0001-ba4b3652-4f1a-4fc7-abc5-98b3b0adbd95,2019-09-04,2024-07-31,1.764662871375
ocds-0c46vo-0001-cbfd0988-90d5-494f-99b0-15d94c615503,2019-09-04,2026-07-31,1.34740433148295
ocds-0c46vo-0001-cdffbf9b-4689-4c91-9b34-3d1bd6d3e3bf,2019-09-04,2024-07-31,2.2548470023125002
ocds-0c46vo-0001-d037ecc3-0e3e-4f38-9baa-95dbd9e98ec5,2019-09-04,2026-07-31,1.0429618685852498
ocds-0c46vo-0001-d2a9add5-df66-4b97-a602-a43055477508,2019-09-04,2026-07-31,1.049057100284774
ocds-0c46vo-0001-d49b262c-5f04-44ed-acdf-88b6677baaac,2019-09-04,2026-07-31,1.285145741446344
ocds-0c46vo-0001-d55851d7-7b12-44a8-8b1f-7060b5c4ff3f,2019-09-04,2022-07-31,1.1268742321017908
ocds-0c46vo-0001-d65748f4-a451-476d-aae1-8575aafeff1b,2019-09-04,2024-07-31,1.7973418134375
ocds-0c46vo-0001-da7de764-f4ac-4ac2-bbcc-024e9524bce5,2019-09-04,2022-07-31,2.813965939591329
ocds-0c46vo-0001-dd5db232-5898-4d11-ad6d-c6c86f9f4a7d,2019-09-04,2024-07-31,2.2701788726301566
ocds-0c46vo-0001-de12de31-7f00-4850-9b78-30b8ecec8867,2019-09-04,2024-07-31,1.2388859260410938
ocds-0c46vo-0001-e40c42c0-ae57-444a-b0cd-1cdc5d2f9d34,2019-09-04,2021-07-31,3.103814464655173
ocds-0c46vo-0001-e5993d6e-50e1-4fc3-93d7-61b043c8f5dc,2019-09-04,2024-07-31,1.7137381866609378
ocds-0c46vo-0001-eaba7e1d-3241-4111-b251-f05787f28982,2019-09-04,2022-07-31,1.2811135622997174
ocds-0c46vo-0001-f1f2cfd6-2e30-4823-a7ad-6c017f4a7e4d,2019-09-04,2022-07-31,1.4641297854853914
ocds-0c46vo-0001-f34ffaa7-c343-45da-bacd-004eb6c4236d,2019-09-04,2024-07-31,1.0835949375
ocds-0c46vo-0001-f6d5a69b-2c8b-44d9-8469-9aefc292069a,2019-09-04,2024-07-31,2.4758655804618748
ocds-0c46vo-0001-fd6d993a-2bc7-46a9-b6ee-aeac86050c58,2019-09-04,2021-07-31,1.3882916076206895
ocds-0c46vo-0001-a05796cb-b9d9-4b70-8e07-5bc48fce64c6,2019-09-05,2022-07-31,1.1980552752
ocds-0c46vo-0001-d4dc6f10-c818-4712-8543-835112c1c00a,2019-09-05,2023-07-31,1.9691451404210525
ocds-0c46vo-0001-fb9ce635-784c-4590-8dab-bf31543729ac,2019-09-05,2026-07-31,1.2158408008917096
ocds-0c46vo-0001-de49a37a-eda2-4a2d-88df-92826c99c9e3,2019-09-09,2021-07-31,1.3954530487988421
ocds-0c46vo-0001-5d0b53d3-1d15-47be-925e-a5b679a0fd74,2019-09-23,2022-07-31,0.7470887035633014
ocds-0c46vo-0001-6315db07-2e0f-4c8c-a4e9-fb75d0ffaed7,2019-09-30,2022-07-31,5.634460039478261
ocds-0c46vo-0001-08ebf1aa-a86b-4ab2-87f9-718ea9df13ad,2019-10-01,2024-10-01,0.03146555172413793
ocds-0c46vo-0001-85ff4253-d4c6-419e-8dcf-9e71c37e1618,2019-10-01,2022-03-31,1.8009888157894736
ocds-0c46vo-0001-dc14cf5f-b60a-451e-b080-44f9a50d9a19,2019-10-11,2024-07-31,2.5171509066666666
ocds-0c46vo-0001-400e2014-0223-4bd2-99e1-a2197de37020,2019-10-25,2021-11-07,0.003945176814516129
ocds-0c46vo-0001-84b39b98-c1fe-431a-91a5-7b5a0a50d09c,2019-10-29,2021-09-24,3.2776616379310344
ocds-0c46vo-0001-20d3b251-d4b6-46ef-9f50-0a02e655b220,2019-11-03,2024-11-02,7.359975207009857
ocds-0c46vo-0001-4f06fb38-926b-4e44-ae69-18f74cea24df,2019-11-03,2026-10-31,3.537354358145967
ocds-0c46vo-0001-58adfda3-2c53-4b07-a03e-cdda3ef66176,2019-11-03,2026-10-31,1.843473535512921
ocds-0c46vo-0001-b7cd86e8-f9a5-4f77-9388-85e7aeccad3c,2019-11-03,2026-10-31,2.139829850889585
ocds-0c46vo-0001-c64a4e69-a8db-48ec-9de5-1f79bfd7dc90,2019-11-03,2026-10-31,3.3004793882988257
ocds-0c46vo-0001-a864503f-746e-4f96-8d88-27017daed26c,2019-11-04,2024-07-31,1.107463085407279
ocds-0c46vo-0001-fd60cde4-18c7-4296-bfba-fbd65e336b5a,2019-11-04,2024-07-31,3.4000467286741767
ocds-0c46vo-0001-fba25e9c-47d2-4262-83a3-c1533a620f5e,2019-11-18,2023-03-31,0.09785812188771359
ocds-0c46vo-0001-3db07910-3e25-4dcf-9be4-9864c5317682,2019-11-25,2021-07-31,1.5151083379153094
ocds-0c46vo-0001-33090c5d-71d2-484b-a268-a2b59c2be840,2019-12-01,2024-11-30,1.4535251416429353
ocds-0c46vo-0001-e2312149-1213-4603-bcd5-e9dd8edae689,2019-12-02,2023-07-03,1.249199229946524
ocds-0c46vo-0001-0f74eac9-610b-4159-9d9b-111eb5cfc3b8,2019-12-09,2024-07-31,2.5791066
ocds-0c46vo-0001-cc188122-7d70-489f-a978-9d5ad5f9a46a,2019-12-12,2021-07-31,1.0613746974874372
ocds-0c46vo-0001-75a62d89-dbb0-40bd-bde5-74fcf9115448,2019-12-16,2022-12-15,0.029820032679452053
ocds-0c46vo-0001-b7f68ff3-0536-43af-a805-4c40d3e758b1,2019-12-16,2022-12-15,0.02291558066849315
ocds-0c46vo-0001-b88c5aa6-60dd-4dee-8af3-3a024561939b,2019-12-16,2022-12-16,0.8880832725109489
ocds-0c46vo-0001-c5c7f325-b99b-4a35-84d9-89bdbd08965e,2019-12-16,2023-11-03,2.3964412722143864
ocds-0c46vo-0001-17040bbb-f43a-4823-a646-ee13c00a6606,2020-01-06,2021-07-31,1.9448395439160837
ocds-0c46vo-0001-436ddf25-1c33-4f1f-b63d-f08c6f89752e,2020-01-06,2022-07-31,2.8124118334258275
ocds-0c46vo-0001-4de6894b-5800-439b-9b20-749c8e1399c7,2020-01-06,2024-10-31,3.739595007272727
ocds-0c46vo-0001-544449cf-a7bb-4363-8752-caf21d512574,2020-01-06,2025-07-31,1.823879888588293
ocds-0c46vo-0001-5b9feb86-0599-44b7-987a-2d9826eef4ea,2020-01-06,2024-07-31,1.0239924291366906
ocds-0c46vo-0001-744a73f5-0859-44c7-b423-f84c18fee97d,2020-01-06,2025-07-31,1.1762061586424002
ocds-0c46vo-0001-82bf2f68-fa49-4821-be6d-3fd26fdd94e0,2020-01-06,2022-07-31,1.8312460388598506
ocds-0c46vo-0001-c1866f8d-637d-429d-ac68-57d2367f6503,2020-01-06,2025-07-31,1.6098779816606
ocds-0c46vo-0001-13eec559-14fa-4613-8526-42f571e3ab91,2020-01-07,2021-07-31,2.416289863397548
ocds-0c46vo-0001-610df037-09df-4f02-8c37-4c1acd0c5f6c,2020-01-07,2023-07-31,1.6159322397528055
ocds-0c46vo-0001-76106d8f-fe11-44e3-b7c1-e4119b680fe9,2020-01-07,2025-12-31,2.660021015774828
ocds-0c46vo-0001-8a9d8fee-7be4-4eb7-b05f-fcdbc37fbeb7,2020-01-07,2023-07-31,2.518671092236741
ocds-0c46vo-0001-b93580ec-7528-4ae1-99cb-6c2fe5b396b9,2020-01-07,2026-07-31,1.3366597877346684
ocds-0c46vo-0001-ba9fa331-f01e-4f5c-aa1d-2f207b69fb4d,2020-01-07,2026-07-31,1.2791002753441802
ocds-0c46vo-0001-badc6a61-ca65-479f-b6bc-7dbe75f3dfd9,2020-01-07,2024-07-31,0.9890788283719255
ocds-0c46vo-0001-ca3d2bea-52f9-41ec-9a62-af8073f35f39,2020-01-07,2023-07-31,1.7910549989239046
ocds-0c46vo-0001-d45a2005-17e6-4610-baca-436b2499db41,2020-01-07,2024-07-31,1.441499780083983
ocds-0c46vo-0001-f1126971-5a5a-4502-8eea-0a49abc7b36d,2020-01-07,2024-07-31,1.3104543455308937
ocds-0c46vo-0001-9cc2170e-ead1-4c21-8adf-bcab30e51071,2020-01-08,2026-07-31,2.068208652170284
ocds-0c46vo-0001-158cdd2c-db6e-47f8-af69-439abf9ea512,2020-01-13,2024-01-13,0.3878597679671458
ocds-0c46vo-0001-44ff9851-d576-4719-9b10-6aab732681ed,2020-01-13,2023-07-31,2.367570162162162
ocds-0c46vo-0001-5bd22ccc-5921-475d-a885-0bf5536a2392,2020-01-13,2023-07-31,1.213521762317838
ocds-0c46vo-0001-166bfc17-b728-493b-931d-9053094aeb00,2020-01-14,2023-04-29,0.21527223147377184
ocds-0c46vo-0001-8f2ca24b-f82b-4925-99fd-3597066372a2,2020-01-15,2025-07-31,2.020671933800158
ocds-0c46vo-0001-74e3d79d-0e1c-4e50-abe0-321b42f8d256,2020-01-16,2021-01-15,0.03433003762191781
ocds-0c46vo-0001-5fb3b677-5be5-4aef-bd3b-88505f49de15,2020-01-29,2023-07-31,2.170270118797811
ocds-0c46vo-0001-3c61526d-27ee-4fb0-904a-c61a625dc164,2020-01-31,2025-01-31,0.06293110344827586
ocds-0c46vo-0001-e7d687f7-495c-44f8-91be-3cf35a630c74,2020-02-03,2024-07-31,1.5504504796097562
ocds-0c46vo-0001-279a5b2c-e751-4db0-a5fe-598bc0857954,2020-02-04,2021-08-22,0.0043320917681415935
ocds-0c46vo-0001-97a5b0af-96d4-404f-ac96-a32affcf8718,2020-02-10,2025-07-22,0.07394438931372549
ocds-0c46vo-0001-9a433f18-3059-4118-94d2-8469db66b697,2020-02-10,2022-07-31,1.2006133778235033
ocds-0c46vo-0001-e2dbe308-e578-4d7f-a945-5d2691380e6b,2020-02-10,2023-07-31,1.324971617767956
ocds-0c46vo-0001-f174e495-0ec9-4acc-8186-e8e51927f215,2020-02-10,2026-07-31,2.003040884911993
ocds-0c46vo-0001-568c568d-fd1b-45f5-a626-59703603f038,2020-02-19,2021-02-17,0.007729894574587912
ocds-0c46vo-0001-815177ad-5b15-4807-b7e7-2c4e9230a70f,2020-02-23,2021-02-22,0.010733345095890412
ocds-0c46vo-0001-018ab2bd-0a44-419f-aef8-a1936457c588,2020-02-24,2023-03-31,4.0663174535809015
ocds-0c46vo-0001-0b5e9bdd-8e25-46d1-989b-f4f0d6862ce8,2020-02-24,2024-07-31,1.048955689378629
ocds-0c46vo-0001-19f80180-2cdf-4da3-8160-864b3a19ed37,2020-02-24,2021-07-21,7.609747125989473
ocds-0c46vo-0001-2f82745a-c34b-41c9-a847-46fe0853d1cb,2020-02-24,2024-12-31,5.224057925891647
ocds-0c46vo-0001-3a7b340b-f74d-4ac7-8783-7d9db5ef4651,2020-02-24,2023-07-31,1.313291830283799
ocds-0c46vo-0001-44062ab7-2905-43e6-a1d7-6337800d9d3e,2020-02-24,2023-03-31,3.3818206822281165
ocds-0c46vo-0001-597a3253-644d-403b-8de7-c3bdd6012111,2020-02-24,2022-07-31,1.449297716648108
ocds-0c46vo-0001-67b9dd32-55bb-498c-a733-e0dd0a52c30c,2020-02-24,2023-03-31,3.5241417931034476
ocds-0c46vo-0001-8f9f1848-1f6b-4fae-b8ea-ed73a912f3bc,2020-02-24,2024-07-31,1.462143356516368
ocds-0c46vo-0001-ae4267af-e60d-4e3c-82a4-e4486c3bfb72,2020-02-24,2021-07-31,1.5675894808107074
ocds-0c46vo-0001-b43b8af5-8ebb-4acd-a80b-0d315b15f2cc,2020-02-24,2022-07-31,1.9780710832872974
ocds-0c46vo-0001-b48377cb-7772-47f5-9919-505675fcfc91,2020-02-24,2021-07-31,1.71121678926195
ocds-0c46vo-0001-f96f49fb-a6e4-46d3-8451-53e5f60d3556,2020-02-24,2025-07-31,2.3557537913225803
ocds-0c46vo-0001-b96f87d3-6e68-46b2-8f3a-761f415a494b,2020-02-25,2023-07-31,1.7150354258146963
ocds-0c46vo-0001-3dc5f9dc-d305-4781-8faf-295eade08f76,2020-02-26,2021-03-31,0.053939778932406014
ocds-0c46vo-0001-d0dd5e3c-13a4-4d01-93b7-57a51e7ca45f,2020-02-26,2021-03-31,0.053443666546616544
ocds-0c46vo-0001-a88d3206-6c86-4f42-91be-ddbd44fd7a0f,2020-03-01,2023-03-01,0.17250018904109587
ocds-0c46vo-0001-833c6716-6c86-4480-b97b-fdd27ab09b8c,2020-03-02,2021-02-12,2.098489331412104
ocds-0c46vo-0001-89347940-c390-4d98-ae29-5037d343180d,2020-03-03,2025-07-31,2.7660232741700406
ocds-0c46vo-0001-d6d13395-f9b8-410b-83f5-76d3891394a9,2020-03-09,2023-07-31,1.4273784004067795
ocds-0c46vo-0001-242c9a70-19ea-4d2c-9296-b094ed8d8811,2020-03-16,2026-07-31,1.138117656185567
ocds-0c46vo-0001-74df7840-2337-4902-a4cf-255b44d800b9,2020-03-17,2021-08-09,0.008862591411764707
ocds-0c46vo-0001-a5ed3af0-d747-4f21-bfd3-6fcd2d750f0b,2020-03-18,2022-05-08,0.0023325441695262483
ocds-0c46vo-0001-bb9edc32-a8d1-409b-b5ef-f37877785465,2020-03-23,2021-07-31,0.7923089490909091
ocds-0c46vo-0001-18403c0d-0308-42ca-9e62-5e87e36cbf81,2020-04-01,2022-03-31,0.012099921810699587
ocds-0c46vo-0001-d3699254-875f-4e8f-81c8-7e601bdd6691,2020-04-01,2023-03-31,0.3909691858857861
ocds-0c46vo-0001-6315840f-e359-407e-b201-021267a6e106,2020-04-05,2025-04-01,6.731072140504939
ocds-0c46vo-0001-cb48e391-0aa8-4763-a976-35910664bcfe,2020-04-06,2023-04-08,17.39824149134002
ocds-0c46vo-0001-55b7f0ee-bd7f-4086-a073-17042cc5d4c1,2020-04-19,2022-04-23,4.768178249918256
ocds-0c46vo-0001-15fe3c1c-5b66-4493-b28c-e6ef83cfb579,2020-04-20,2026-04-30,2.7790443903680146
ocds-0c46vo-0001-80168020-5003-473f-b9cd-c5d6c183a6c2,2020-04-20,2023-07-31,0.8962787600000001
ocds-0c46vo-0001-ec9f12a4-6e69-41f8-b3dc-7d496a9ab41e,2020-04-20,2025-04-04,2.682047138121547
ocds-0c46vo-0001-475d9fd6-a132-4cf3-9169-a38b38f53582,2020-04-27,2021-07-31,2.5036805698434783
ocds-0c46vo-0001-ce2c586e-56d1-4e7b-8223-3190781dbb51,2020-05-04,2022-07-31,5.010468563045575
ocds-0c46vo-0001-412cdd33-796e-4114-8d6f-d8686e29126c,2020-06-01,2025-07-31,1.5499221386277837
ocds-0c46vo-0001-7e37f39f-9f84-4d60-9a64-31c4a69a9169,2020-06-01,2025-04-30,3.0068708537257525
ocds-0c46vo-0001-23265f6d-363b-4d6e-bacd-35813956e927,2020-06-03,2024-05-26,0.7315080280798348
ocds-0c46vo-0001-ee9f78fa-982f-4c78-8d4a-1f873283f5f7,2020-06-21,2021-12-24,0.021584264428312162
ocds-0c46vo-0001-e7c784c2-59ad-45ee-828d-94f1bf3de594,2020-06-29,2021-06-28,0.008309650246565934
ocds-0c46vo-0001-a052eae9-177e-4a0f-a7c4-da7b98c78c0d,2020-07-05,2021-07-03,3.4245483810247936
ocds-0c46vo-0001-00b05d7e-de4e-425b-b176-42913f41c3e9,2020-08-03,2025-06-14,20.778387635675678
ocds-0c46vo-0001-e21c986c-97e0-45a8-bef9-e64dea3231f1,2020-08-03,2022-07-31,2.6709795433287487
ocds-0c46vo-0001-319a43fe-17e4-4642-a9c2-5afcdf5dafe7,2020-08-21,2027-08-20,4.607147906066536
ocds-0c46vo-0001-8dccbf7c-04a6-4ad4-b4dd-eb1ef8b41d04,2020-08-31,2025-08-29,1.2606921710526315
ocds-0c46vo-0001-07fe3b7f-5c4d-47cd-bcb3-e0788d5ca068,2020-09-01,2021-07-31,3.936085394594594
ocds-0c46vo-0001-dca0395c-25f6-4b1c-8e8e-03ceb0e02fe5,2020-09-01,2027-07-31,1.6829208221077656
ocds-0c46vo-0001-faa580c4-e650-4bce-a2b3-bcaae09da50b,2020-09-01,2027-07-31,1.4763927788187006
ocds-0c46vo-0001-2b51f6f1-0372-42c7-87c7-ae1be1d2db9d,2020-09-02,2025-07-31,1.3266634728388176
ocds-0c46vo-0001-862e4299-68e6-4020-9e4a-ddb1a4720ed9,2020-09-02,2023-07-31,2.52733563220339
ocds-0c46vo-0001-90d02ec9-938a-470f-beda-45b1fc0cd54d,2020-09-02,2023-07-31,2.0218685057627117
ocds-0c46vo-0001-9c27eded-5e98-4898-8b16-74a12c6f094e,2020-09-02,2025-07-31,1.1399900948131623
ocds-0c46vo-0001-ac44ea46-ddce-4d44-9617-20700bbbce19,2020-09-02,2025-12-31,1.2538682805755397
ocds-0c46vo-0001-b6fc08ca-f194-4a10-bdd0-8f9dbd977bfc,2020-09-02,2023-07-31,2.742658372881356
ocds-0c46vo-0001-ca722d26-4d62-444c-80b7-7eaeb56a1026,2020-09-02,2025-07-31,2.2325851014344673
ocds-0c46vo-0001-d7644289-0023-4362-a6f4-ab0bfeb4cbe1,2020-09-02,2021-07-31,2.0778637228915664
ocds-0c46vo-0001-e0a60cef-36b8-451d-bbf5-e2207b908eb2,2020-09-02,2025-07-31,0.7959980837032906
ocds-0c46vo-0001-03f05640-3e66-43b5-bd55-410fe225b415,2020-09-03,2025-07-31,1.488588545390625
ocds-0c46vo-0001-0874fa5d-807b-4a1e-9a3f-65e9593c080d,2020-09-03,2025-07-20,2.4804041781021895
ocds-0c46vo-0001-0cb9266a-6a6d-42cf-a48e-699ddeb5ebbb,2020-09-03,2023-07-31,3.431554184731386
ocds-0c46vo-0001-0d597605-fd98-47e7-8efd-2b6f1e709c1d,2020-09-03,2023-07-31,3.354687370993403
ocds-0c46vo-0001-109859e0-81c3-4de7-b652-067bf62f1b50,2020-09-03,2027-07-31,1.5492455003390961
ocds-0c46vo-0001-13f4522d-77d8-42c2-9da0-812f6996edb0,2020-09-03,2021-07-15,2.404135968
ocds-0c46vo-0001-1cbff1a3-221b-4316-823a-797441e316dd,2020-09-03,2023-07-31,3.2991082337417534
ocds-0c46vo-0001-1dac0611-e1df-4f8e-853f-a2c5bcd2baf8,2020-09-03,2023-07-31,2.03148007736098
ocds-0c46vo-0001-247ce131-ea11-41e6-8331-4984cff7c61c,2020-09-03,2023-07-31,2.6903384808294066
ocds-0c46vo-0001-2ac78be9-aead-4cc1-a2a7-4fc4eb15d451,2020-09-03,2027-07-31,1.0105532486122126
ocds-0c46vo-0001-2b3874e0-d947-40b2-b5d1-76b50bf80869,2020-09-03,2027-07-31,1.8860965832098335
ocds-0c46vo-0001-2ceebd6e-af6e-4706-9222-448545adf403,2020-09-03,2025-07-31,2.3948260814953124
ocds-0c46vo-0001-2e01ae3e-5b4f-4dc1-bf89-206205e38712,2020-09-03,2025-08-31,1.6589998981678553
ocds-0c46vo-0001-2e40de55-04c5-4ba5-929b-ed66021ab22b,2020-09-03,2025-07-31,1.5170329125000002
ocds-0c46vo-0001-30d7823a-60dc-4703-8be7-d72103361282,2020-09-03,2025-07-31,1.4411812668750001
ocds-0c46vo-0001-3d633114-f6bd-4d4b-8aae-aae98354e29a,2020-09-03,2027-07-31,1.2099690896716893
ocds-0c46vo-0001-3ea28b71-9a21-425b-892c-c3f8ecb37d4f,2020-09-03,2024-07-31,2.357513795907498
ocds-0c46vo-0001-4b176bc9-7994-4239-a392-245c9024e334,2020-09-03,2023-07-31,1.3451692404147033
ocds-0c46vo-0001-4b6d8dc9-1773-4ed8-8cc7-38ab9340a70f,2020-09-03,2021-07-31,2.4345857496072507
ocds-0c46vo-0001-4e728d2c-6f19-44b1-a3b0-4d2af72030d4,2020-09-03,2023-07-31,2.086384944316683
ocds-0c46vo-0001-53a35518-5fd2-4ccd-9e00-8a4a8d006662,2020-09-03,2027-07-31,1.67617098836479
ocds-0c46vo-0001-59dbf494-76e2-4dab-aa81-1a2030e99591,2020-09-03,2022-08-31,1.4623612999724895
ocds-0c46vo-0001-5e53b4d0-af48-449c-97be-efe7af716ee8,2020-09-03,2027-07-31,2.2199833765513084
ocds-0c46vo-0001-6fe5da28-0705-4e68-bccb-a5b3bbb07726,2020-09-03,2025-07-31,2.2446398231578124
ocds-0c46vo-0001-7588fa9c-a134-4fd5-8cbf-29c2d197050d,2020-09-03,2025-07-31,1.1946634185937501
ocds-0c46vo-0001-8596ffd8-b40d-4009-a582-04ef5f556cda,2020-09-03,2021-07-31,3.299890323262839
ocds-0c46vo-0001-85dc7cb9-e42f-4538-9aeb-cdbd8f94f10b,2020-09-03,2021-07-31,2.1923004689836856
ocds-0c46vo-0001-86a83a53-2ce0-4dc5-8c28-4689b5f8546f,2020-09-03,2023-07-31,2.882505515174364
ocds-0c46vo-0001-87ae14e5-b263-420e-a5da-8ef134b968c1,2020-09-03,2023-07-31,2.4707190130065975
ocds-0c46vo-0001-88a66318-4123-4c6a-844a-870feb4827e9,2020-09-03,2021-07-16,5.261607823101266
ocds-0c46vo-0001-8babf1e2-44a6-4424-9f86-8d140d645af4,2020-09-03,2025-07-31,2.2812525000000003
ocds-0c46vo-0001-92460b13-9741-485e-a07a-b2701bc7befc,2020-09-03,2025-07-31,2.5031043056250004
ocds-0c46vo-0001-94ea732d-9fa4-4ae1-ad39-5f6fa35ea9a6,2020-09-03,2027-07-31,1.5349630144253767
ocds-0c46vo-0001-986ce1e6-84b0-4404-9e1e-71e266e284a9,2020-09-03,2023-07-28,4.175425180718336
ocds-0c46vo-0001-99dfa044-10ac-4cb2-88a9-8d3edb178553,2020-09-03,2027-07-31,0.6602281224266455
ocds-0c46vo-0001-9a603c1c-535d-48f5-a981-d0cd57d3a53c,2020-09-03,2023-07-31,2.580528746918002
ocds-0c46vo-0001-9f045e76-859a-414b-a0f4-57e188b690dc,2020-09-03,2025-07-31,2.275170110521875
ocds-0c46vo-0001-a08ab739-6ef1-4747-a740-b8b679597832,2020-09-03,2025-07-31,2.06467951266
ocds-0c46vo-0001-a9acf43d-8636-4ff7-92bc-8484dfb3ec52,2020-09-03,2027-07-31,1.2052531745114987
ocds-0c46vo-0001-a9bcea41-d9bf-4f5a-8da2-862420460b9a,2020-09-03,2025-07-31,2.4651784828125
ocds-0c46vo-0001-aa65cd00-eb85-44bd-be7f-fc6257c4fc5e,2020-09-03,2023-08-31,2.989521737723077
ocds-0c46vo-0001-ab6c22df-6dae-423c-8251-fc5840173d1d,2020-09-03,2023-07-31,1.713031849017908
ocds-0c46vo-0001-adf6a8a4-5fa3-4a4e-85a0-9a9fd8277b71,2020-09-03,2023-07-31,3.4219458330141377
ocds-0c46vo-0001-b1d54d60-d2d5-451f-ae59-46ab2d7eea92,2020-09-03,2027-07-31,1.0644494218715306
ocds-0c46vo-0001-b490fcde-d9c3-4674-9eed-2397ba1d55c8,2020-09-03,2025-07-31,2.86339962234375
ocds-0c46vo-0001-b6441422-1f33-4aa4-a344-f4e9cbf2112c,2020-09-03,2022-07-31,1.3893929019310345
ocds-0c46vo-0001-ba500860-f4a9-45e4-a769-b1c2455cc765,2020-09-03,2025-07-31,1.218773405953125
ocds-0c46vo-0001-c61131ca-6e39-440d-8a8b-feefd105fb1f,2020-09-03,2025-07-31,2.466604265625
ocds-0c46vo-0001-ca0eacee-23be-40e8-8b30-7daa97a7f945,2020-09-03,2023-07-31,2.4707190130065975
ocds-0c46vo-0001-cd3952cc-ccc2-41af-9cb0-3aeb88416979,2020-09-03,2024-07-31,2.449364982761037
ocds-0c46vo-0001-cfa2a645-0fb5-43c3-b293-dbb091269e88,2020-09-03,2023-07-31,3.568816352120641
ocds-0c46vo-0001-d1a65e36-1446-401d-a2a0-aaf4bd3a4635,2020-09-03,2025-07-31,3.12888038203125
ocds-0c46vo-0001-dcbbc096-f366-4376-a4bf-cb956f86af7f,2020-09-03,2024-07-31,2.024128006587246
ocds-0c46vo-0001-ddb2cd01-bbcc-4b80-8a7c-b385c961b986,2020-09-03,2025-07-31,1.57392164671875
ocds-0c46vo-0001-df754b52-66b5-4ce0-b3a7-99351927e0e5,2020-09-03,2024-07-31,0.9355213475823405
ocds-0c46vo-0001-e11081e2-b2d6-4635-8bc6-dd4847f1beb2,2020-09-03,2027-07-31,1.7513561500615382
ocds-0c46vo-0001-e8555313-a131-4026-a43a-792abf122df5,2020-09-03,2022-07-31,2.371453748275862
ocds-0c46vo-0001-eb89720e-d691-44ba-ba56-08485f98bbc8,2020-09-03,2022-07-31,4.603410217241379
ocds-0c46vo-0001-f9d24b80-6ad6-4b05-8f52-768a726e9263,2020-09-03,2023-07-31,4.163619077474081
ocds-0c46vo-0001-fc72bdab-edb1-4edd-971d-3d82e18bc3ce,2020-09-03,2023-07-31,2.7452433477851086
ocds-0c46vo-0001-1fd4201d-afe7-42c2-80c3-bb5385a839e2,2020-09-04,2025-07-31,1.3660919493467336
ocds-0c46vo-0001-4634dccf-e60a-453b-b404-cffcbc7c3bc5,2020-09-04,2024-07-31,0.98043305200561
ocds-0c46vo-0001-5e3551f6-5d9c-4c60-b313-75d4ff5c6773,2020-09-04,2022-07-31,1.3913920284086332
ocds-0c46vo-0001-63950d59-4594-42b3-a503-4c519f488ea4,2020-09-04,2023-07-31,1.536496731
ocds-0c46vo-0001-72d20a76-2cb4-4eee-90ba-0076ef7dc231,2020-09-04,2024-07-31,2.049377421206171
ocds-0c46vo-0001-941fbbfe-8f95-4b5f-b28b-61ce345524dd,2020-09-04,2021-07-31,3.5305493236363636
ocds-0c46vo-0001-0bd64175-9d90-4d20-b641-4358061b82a8,2020-09-07,2021-07-20,0.8085451898734178
ocds-0c46vo-0001-3cbe7be1-29d4-460f-b194-78eedf5adda9,2020-09-07,2021-07-31,2.4643666150458716
ocds-0c46vo-0001-47b80d9d-9298-44a7-941f-ed97719a99a8,2020-09-07,2022-07-31,2.083508786184971
ocds-0c46vo-0001-574572fd-59a3-4f9c-ad38-d1695283d9f4,2020-09-07,2021-07-31,2.015733126451376
ocds-0c46vo-0001-7752e12f-a12a-4c99-985d-cfef4fa2a2d5,2020-09-07,2021-07-31,2.1127607251376146
ocds-0c46vo-0001-b5fea83c-e73c-4912-83b7-309d4c04bc02,2020-09-07,2025-07-31,2.1571054120469797
ocds-0c46vo-0001-cdfb528e-fba8-4f81-9bea-03a79981d440,2020-09-07,2021-07-31,2.1096353394495413
ocds-0c46vo-0001-eaee320f-2482-4e4f-b384-60a0b2234160,2020-09-07,2025-07-31,1.3493787159060404
ocds-0c46vo-0001-48b03bcf-40f9-45b2-830b-f3c51218ae90,2020-09-08,2021-07-31,2.121984687423313
ocds-0c46vo-0001-ef40ad2f-0c48-4da7-9bb7-69dd992f6b2c,2020-09-08,2021-07-31,2.144321368343558
ocds-0c46vo-0001-8b53d04d-7789-4d75-9935-4a3b318c879c,2020-09-15,2021-09-15,0.00673629904890411
ocds-0c46vo-0001-c61b790d-9369-4ae9-805d-2672398784db,2020-09-21,2025-07-31,2.4658513494250283
ocds-0c46vo-0001-98427201-d165-4186-ab9f-589416761dde,2020-09-28,2025-07-31,1.3736574193548385
ocds-0c46vo-0001-03190636-aaa3-4241-a044-c896a4276817,2020-10-05,2025-07-31,2.0273076194318183
ocds-0c46vo-0001-d3c70598-ae50-4c60-995c-b1dbb13e41ee,2020-10-05,2027-07-31,1.1327179079999998
ocds-0c46vo-0001-2ef70af2-5fe2-4b5b-93e1-4c828576d02a,2020-10-12,2021-07-31,2.7125029726027394
ocds-0c46vo-0001-7c4421f0-f80a-4e8d-bcb6-efe6cfea178d,2020-10-19,2021-07-31,2.268125292631579
ocds-0c46vo-0001-d39b39f0-2e37-45c8-9c33-25b5372a7f31,2020-10-19,2024-07-31,2.2118757295464153
ocds-0c46vo-0001-65282058-1685-4898-877c-2f715c4a20c9,2020-10-22,2025-07-31,1.5830756304578313
ocds-0c46vo-0001-e47b4202-1865-4108-bc22-049bf879c1bf,2020-10-26,2021-08-27,4.387982950819672
ocds-0c46vo-0001-23f38862-eafa-407b-915d-af662c68000a,2020-11-01,2025-11-01,1.3992348302300108
ocds-0c46vo-0001-029ecc51-0b49-4053-b9f1-257aa8a87bc0,2020-11-02,2024-07-31,1.5338390181524506
ocds-0c46vo-0001-07577ef2-4c1d-4434-adbf-dcd0689d166c,2020-11-02,2024-07-31,1.5622487054677396
ocds-0c46vo-0001-3e02ea43-2c42-40c1-8e3b-f52dec977e8e,2020-11-02,2023-07-31,2.8469418611916084
ocds-0c46vo-0001-b9fecefa-5673-4cf2-b64e-9ad161c64a10,2020-11-02,2022-07-31,4.8844261704
ocds-0c46vo-0001-d86711e8-e08b-4c8c-bf2f-69f9c64189f5,2020-11-04,2025-07-31,1.8239470855491329
ocds-0c46vo-0001-eb564927-913a-43a7-888a-973fc1ea6dd3,2020-11-09,2025-07-31,2.4604602905947823
ocds-0c46vo-0001-74b5245a-f192-4de5-b3d7-73f58d447aad,2020-11-10,2022-11-10,4.277004687123288
ocds-0c46vo-0001-2e43021b-8d04-4d89-859b-fdcb60f1421a,2020-11-13,2022-03-31,6.047057654075546
ocds-0c46vo-0001-b274524e-f279-450d-b3b8-5da50c709a39,2020-12-27,2023-12-30,1.3223745092852457
ocds-0c46vo-0001-cb8a8d15-5dbb-48a3-8b50-c49aaa336630,2021-01-03,2022-01-01,1.8891331735864463
ocds-0c46vo-0001-f0ed9aa7-c5d8-458c-a21d-95a668705ee1,2021-01-03,2024-01-06,7.694886574819672
ocds-0c46vo-0001-0a63bd54-4d08-434e-998b-a0da64a65fe1,2021-01-04,2025-07-31,1.974960522636309
ocds-0c46vo-0001-108353ab-9468-4d3e-ba56-ad5947662301,2021-01-04,2025-07-31,2.300727206782504
ocds-0c46vo-0001-169e0818-ff4f-4868-80c9-04cb79a967a4,2021-01-04,2025-07-31,2.3210876245416414
ocds-0c46vo-0001-16f01ea4-5435-4349-82eb-22cfc6888f87,2021-01-04,2025-07-31,2.4676826324074295
ocds-0c46vo-0001-1ad43206-4413-4425-9b2b-9dcde92bd04c,2021-01-04,2024-07-31,1.542720095558282
ocds-0c46vo-0001-3fa94ec1-0aa4-4b2a-8fd6-3d235b41ead5,2021-01-04,2025-07-31,1.150363603391252
ocds-0c46vo-0001-4417c6bc-5bc0-40b7-bb95-fc360a6cb3c6,2021-01-04,2024-07-31,2.032637963742331
ocds-0c46vo-0001-50ab3174-630d-4354-8dff-e37fcceff22c,2021-01-04,2025-04-30,0.9850613204819277
ocds-0c46vo-0001-7997cf60-aa1d-4262-805d-4257d5136f5c,2021-01-04,2025-07-31,1.1809042300299581
ocds-0c46vo-0001-875f171a-7e5b-4472-87aa-040e50db173a,2021-01-04,2024-07-31,2.2157987472883436
ocds-0c46vo-0001-8f53f550-73f4-4e2d-a3bc-c7a1287d58f6,2021-01-04,2023-07-31,2.2771666746268657
ocds-0c46vo-0001-9ba46e56-3f7b-4ea8-afe0-13f2d90ac246,2021-01-04,2023-07-31,1.1255577260238807
ocds-0c46vo-0001-9edffeab-73ad-40b6-8984-35729bc46c71,2021-01-04,2025-07-31,1.8935188515997603
ocds-0c46vo-0001-b6c2c584-db68-4e77-b05b-8e9153754291,2021-01-04,2025-07-31,1.4557698697783104
ocds-0c46vo-0001-df2c15dc-3578-407d-ad8d-67116a5ba8c5,2021-01-04,2025-07-31,0.9773000524385859
ocds-0c46vo-0001-41ae4f0a-d58d-4bb1-bd68-7b10f2e1e614,2021-01-05,2024-07-31,1.924664196709133
ocds-0c46vo-0001-5324fb1e-2748-4ca9-bc4b-a288598d39c7,2021-01-05,2024-07-31,2.2011064797052957
ocds-0c46vo-0001-7158dd82-ff23-436c-8fbb-d39d5c7ef599,2021-01-05,2025-07-31,1.4311768531834532
ocds-0c46vo-0001-58c21f2d-e72f-4f63-872b-83520e6d5976,2021-01-06,2025-07-31,1.8754057744931012
ocds-0c46vo-0001-655fa2a5-6775-4ebf-93da-eaa74fead44d,2021-01-06,2024-07-31,2.5577501148387096
ocds-0c46vo-0001-25c4c329-1f00-4d55-98d2-57abdd100046,2021-01-07,2023-07-31,2.2221692801711233
ocds-0c46vo-0001-5baba9fd-d111-4e7f-b8d1-6b22ebdee425,2021-01-07,2023-07-31,2.2221692801711233
ocds-0c46vo-0001-f36c113d-cd27-4570-9a3a-442f7e41b4ed,2021-02-04,2023-02-04,0.25875028356164387
