ocds-0c46vo-0001-8c6ee42f-f01c-45e0-b46d-067bfbac76c9,2016-04-01,2021-03-31,0.20833356164383562
ocds-0c46vo-0001-ad0f2c12-ce9a-4e9f-836d-69edd90556ce,2016-04-01,2021-03-31,0.11250012328767124
ocds-0c46vo-0001-b50777ca-fd88-4403-acb3-cc29f3849e61,2016-06-01,2021-05-31,67.50007397260273
ocds-0c46vo-0001-ff5fdf5f-d10c-4ca1-b7aa-1acce253c3e6,2016-06-01,2021-05-31,67.50007397260273
ocds-0c46vo-0001-4900c89e-71a9-4107-96a9-d70d2d05e5cb,2016-08-01,2021-07-31,0.35416705479452054
ocds-0c46vo-0001-1a5f381b-35f7-4837-8798-89f35c9f7a3a,2016-10-01,2021-09-30,0.08906343093698631
ocds-0c46vo-0001-2503eeda-7bf2-4b35-a814-5100a8deefa8,2016-11-01,2021-10-31,0.000050000054794520554
ocds-0c46vo-0001-989b6064-9c20-4867-98b2-54bd3bee6d18,2016-11-14,2021-11-13,0.008333342465753424
ocds-0c46vo-0001-3a0932d7-0c3d-43aa-94c6-aa909d75a1c9,2017-04-01,2022-03-31,9.279385169178083
ocds-0c46vo-0001-5a3ada11-dc59-406e-862b-d8bbd7e108ff,2017-04-01,2022-03-31,2.1747473832821917
ocds-0c46vo-0001-5d50a3e1-c554-4312-87da-b72ebf08d209,2017-04-01,2021-03-31,0.09375010273972603
ocds-0c46vo-0001-72006651-278a-4b74-9301-a258e9096220,2017-04-01,2021-05-31,51.30853818113609
ocds-0c46vo-0001-d2f78082-937b-45e7-b1aa-2f3043091e8d,2017-04-01,2021-03-31,70.00007671232878
ocds-0c46vo-0001-d5089995-5497-4cce-b61d-4ca1c2378525,2017-04-01,2022-03-31,2.3862526150684933
ocds-0c46vo-0001-f1f167e4-a289-48c9-b746-f5fa98d262b1,2017-04-01,2022-03-31,2.3862526150684933
ocds-0c46vo-0001-4efcda43-5b2f-4013-b621-703a85c9b664,2017-04-10,2021-04-09,0.25000027397260277
ocds-0c46vo-0001-8ab47fe9-2c80-4458-a1ad-73b92b181e85,2017-04-10,2021-04-30,0.01643035786630655
ocds-0c46vo-0001-12f60698-4ff4-40a7-91e8-1dc4ab7275a2,2017-06-12,2023-02-01,1233.4644101889628
ocds-0c46vo-0001-b0e26a0a-84ea-46c4-b23c-3d88e3711505,2017-07-01,2022-06-30,2.798953067342466
ocds-0c46vo-0001-1d54c214-26ec-4522-a4ce-9859a6bf4e54,2017-07-11,2021-07-11,0.14573367556468173
ocds-0c46vo-0001-0bd0140b-bcc2-4192-8e8f-78a7827b7687,2017-09-01,2021-08-31,1.2500013698630137
ocds-0c46vo-0001-2cedc9ca-98c8-4312-b894-e90be8484183,2017-09-01,2021-08-31,1.2500013698630137
ocds-0c46vo-0001-d75b0740-bb8f-4725-8b00-38ed7a3b35db,2017-09-28,2021-12-27,1.5312033489941972
ocds-0c46vo-0001-680c810b-3882-4ab3-a4e5-c05dbee9293e,2017-10-01,2021-03-31,4.049369316281911
ocds-0c46vo-0001-dd73d7ee-68f1-4ad0-91c6-2226970fb5a4,2017-11-22,2022-11-21,5.833339726027398
ocds-0c46vo-0001-840ab55a-7f23-4576-b7a4-094ab1d80e31,2017-12-01,2022-11-30,0.7289397988372602
ocds-0c46vo-0001-7ba256ca-b7fc-4d95-b614-51e60257748b,2017-12-10,2021-12-09,0.010844178550684931
ocds-0c46vo-0001-8f6946f9-c2fe-4963-b5d0-34c63682051a,2018-01-02,2022-01-01,0.9689930619090411
ocds-0c46vo-0001-a430edb5-bb8a-4571-80ef-ce24b07ee464,2018-01-02,2022-01-01,0.9689930619090411
ocds-0c46vo-0001-81dce89e-a206-4a2c-9e44-7e74e3f5d27d,2018-02-01,2022-01-31,1.3100014356164384
ocds-0c46vo-0001-8a8f3a8a-9340-47fc-a579-fc85be1533c8,2018-02-05,2023-02-04,0.05000005479452055
ocds-0c46vo-0001-249a5bc2-a082-4b19-8c46-3bb051194c8c,2018-02-21,2021-02-19,0.06495800461151736
ocds-0c46vo-0001-027bd43f-78c6-4159-b6ca-90ac2fc6c67f,2018-04-01,2021-03-31,1.6666684931506848
ocds-0c46vo-0001-144efe6f-1ddc-4c9e-ad5c-690a27c3c10a,2018-04-01,2023-03-31,0.040000043835616436
ocds-0c46vo-0001-6834456d-7c52-462b-811c-f0df54e4e0e1,2018-04-01,2023-03-31,0.9360010257534246
ocds-0c46vo-0001-83dea64a-107f-4b81-91ff-0534a61414ee,2018-04-01,2028-03-31,2.4986336254107337
ocds-0c46vo-0001-95dfcf92-9500-43b3-8239-917e06aaf6c6,2018-04-01,2023-03-31,0.05196839028493151
ocds-0c46vo-0001-9cb0c5c7-9682-4676-a17f-7be0263ddfbe,2018-04-01,2021-03-31,0.04166671232876712
ocds-0c46vo-0001-a1b469d2-646b-4b50-a402-ba6c1f6b780b,2018-04-01,2023-03-31,3.1174718014037097
ocds-0c46vo-0001-a8684ae6-679b-43f9-b24a-be3a901ae5f3,2018-04-01,2022-03-31,77.50008493150685
ocds-0c46vo-0001-bb067818-28aa-43c8-828d-52d33e91fd21,2018-04-01,2021-03-31,0.7426258138356164
ocds-0c46vo-0001-bddd4f3b-a1bb-421a-a7b5-4f1775e1f085,2018-04-01,2021-03-31,0.26565126612435613
ocds-0c46vo-0001-bf266a27-fa90-4ef7-ab46-c0b712df0284,2018-04-01,2022-03-31,16.66668493150685
ocds-0c46vo-0001-c021db53-2862-4a83-abf3-4a6311ec20bc,2018-04-01,2021-03-31,0.26565126612435613
ocds-0c46vo-0001-c466caec-a572-4f91-b5c9-e6d090af9cc2,2018-04-01,2021-03-31,75.00008219178082
ocds-0c46vo-0001-c6529ea6-68d0-4c5a-9581-897b2c7b77f6,2018-04-01,2023-03-31,0.05196839028493151
ocds-0c46vo-0001-c8d7bd9e-04a0-486a-95a7-24e354b0616e,2018-04-01,2021-03-31,0.08083342191780822
ocds-0c46vo-0001-df230e4a-4e13-4519-96a2-cf22159d6e3f,2018-04-01,2021-03-31,0.586157309030137
ocds-0c46vo-0001-eb6366de-44c9-4765-8ce4-8a72973a36aa,2018-04-01,2021-03-31,0.030000032876712327
ocds-0c46vo-0001-fefe2001-bc20-46bb-a5a0-fc816bfd9e3f,2018-04-01,2022-03-31,16.66668493150685
ocds-0c46vo-0001-30ebc3ba-3fd1-4a67-a4d3-988869be7727,2018-04-02,2021-03-31,0.3336383912248629
ocds-0c46vo-0001-109ac207-3c46-43ab-afc6-e81177187de7,2018-04-16,2021-04-15,0.019444465753424654
ocds-0c46vo-0001-5ce95632-0532-4c5e-a123-fdbcbc733fd3,2018-05-01,2022-04-30,0.007366674739726028
ocds-0c46vo-0001-d8cee94d-7c68-4f80-8762-c20ee0ce39e1,2018-05-01,2021-04-30,0.01215279109589041
ocds-0c46vo-0001-3b854b7c-f189-4907-984c-acd873e5b5f2,2018-05-07,2021-05-06,8.800009643835615
ocds-0c46vo-0001-4d89771c-2c87-46d0-8222-39dec32dc10a,2018-05-10,2021-05-09,0.08333342465753424
ocds-0c46vo-0001-9b509305-c3b6-4ab9-9d98-e5a6133e9ad6,2018-05-10,2021-05-09,0.08333342465753424
ocds-0c46vo-0001-2f19954f-0129-49b7-aa4b-0412b24aeefb,2018-05-14,2021-05-13,4.437504863013698
ocds-0c46vo-0001-889e6c1f-090c-45ad-9a2f-4dc38cd417fe,2018-06-01,2022-05-31,0.2547702792
ocds-0c46vo-0001-b5a5f058-ec27-4e4c-be19-389e36f3d1af,2018-06-04,2021-06-03,0.3128612734168493
ocds-0c46vo-0001-75940af0-3ae6-4dad-93f7-e6671999afe5,2018-06-05,2023-06-05,0.016657557502738226
ocds-0c46vo-0001-a3552144-ac82-4ae5-8424-fb1cf4b9ec15,2018-07-01,2021-06-30,25.638916986301368
ocds-0c46vo-0001-f958e62c-f65b-4406-8d24-4360f557009d,2018-07-01,2021-06-30,0.2708336301369863
ocds-0c46vo-0001-8ec155d2-8511-4108-9f85-ce4cc213ff5c,2018-07-05,2023-07-04,0.01401668202739726
ocds-0c46vo-0001-7346ab7f-e815-4f44-97af-e8c7ed6f03a5,2018-07-06,2022-07-05,18.750020547945205
ocds-0c46vo-0001-dbbbd17e-2c35-4f69-949f-98e4eb6481d8,2018-07-18,2023-03-31,175.3787594641817
ocds-0c46vo-0001-f88f009b-4a55-436f-b0c1-e4755d8a9f25,2018-07-19,2021-10-31,0.038020875
ocds-0c46vo-0001-07c59320-e1cd-4186-898d-861f4bef4f40,2018-07-25,2023-07-24,0.003000003287671233
ocds-0c46vo-0001-17daefbc-0464-4a27-bd20-7faaa24ef613,2018-07-25,2023-07-24,0.0012500013698630136
ocds-0c46vo-0001-20ee301d-91ef-4f3d-af89-85b8fd31cb8a,2018-07-25,2023-07-24,0.002000002191780822
ocds-0c46vo-0001-8b2a41a6-2fa5-4826-957d-88cb391a5449,2018-07-25,2023-07-24,0.0033750036986301374
ocds-0c46vo-0001-929ffdd5-2a70-4843-9cf3-6c9bce9f5c0a,2018-07-25,2023-07-24,0.0033750036986301374
ocds-0c46vo-0001-a6d67bb5-5c03-4352-9da5-711b1b50b761,2018-07-25,2023-07-24,0.0025000027397260273
ocds-0c46vo-0001-a7128bbc-9e34-415a-8168-b35ad9700acd,2018-07-25,2023-07-24,0.0015000016438356165
ocds-0c46vo-0001-ce8ea847-ffa0-47f6-ad22-50b068113589,2018-07-25,2023-07-24,0.0046875051369863014
ocds-0c46vo-0001-3a77f9dc-97e0-414a-a382-e7a8f2875f59,2018-08-01,2021-03-31,0.03776047303597123
ocds-0c46vo-0001-0620ecc1-b0fc-4937-948c-22e8dada9ab0,2018-08-20,2021-03-31,382.59999999999997
ocds-0c46vo-0001-1a46387f-bc03-4424-8eaa-65faa4d2dc81,2018-09-01,2022-08-31,0.033333369863013704
ocds-0c46vo-0001-e944d723-624b-488e-8ed7-e1e8100df839,2018-09-01,2023-10-31,4.838287380699894
ocds-0c46vo-0001-a54d8a38-3671-4cf4-96c0-ecdc19150053,2018-09-03,2023-10-31,0.23732775477707005
ocds-0c46vo-0001-7ee917b0-3d0f-4f25-8fb0-2d202edfc189,2018-09-07,2021-09-06,0.1666251826027397
ocds-0c46vo-0001-129ffdaf-32bd-4d46-a4c2-5fe07071b8e7,2018-09-11,2021-09-11,0.0032013465740145983
ocds-0c46vo-0001-1c6f7787-9885-46fa-a401-eb6a334fd798,2018-09-30,2023-10-30,0
ocds-0c46vo-0001-2575b546-8c3f-4cfc-8c61-2c504da176b1,2018-10-01,2021-10-01,0.07215640510948905
ocds-0c46vo-0001-a8507a34-837c-48a6-a626-12558cb3006c,2018-10-01,2023-09-30,7.504733224356165
ocds-0c46vo-0001-b41a45fe-1714-4961-a306-61c281c6b035,2018-10-01,2021-09-30,1.4592524325123286
ocds-0c46vo-0001-55be29ad-3c7e-4c8e-8cec-cade0dc590ef,2018-10-21,2023-10-20,0
ocds-0c46vo-0001-b330779b-fc9e-46b2-8fed-b0eb861a04fa,2018-10-24,2021-10-23,0.0202778
ocds-0c46vo-0001-6cadec4b-34cc-4e35-a38b-58931f900cd5,2018-11-01,2026-12-31,0.6120060362173039
ocds-0c46vo-0001-7fb9ad4d-31d7-491a-bd8d-49491072e57b,2018-11-01,2022-10-30,0.10423817683344756
ocds-0c46vo-0001-1589f542-550c-409b-a0bf-d19bf5e848e9,2018-11-19,2021-11-18,0.008611120547945205
ocds-0c46vo-0001-587419c8-1163-4274-be46-b8a989ba9d87,2018-12-01,2021-11-30,0.003330003649315068
ocds-0c46vo-0001-bc7e9ad9-5282-45da-bddb-09df57b35833,2018-12-01,2021-11-30,0.9525010438356163
ocds-0c46vo-0001-58e4e32c-d699-4d9f-bd73-0494e35e3bf0,2018-12-07,2021-03-31,0.14398437869822484
ocds-0c46vo-0001-270e7ae7-baba-4d08-8b5c-ab2e5b5cefa0,2018-12-19,2021-12-18,0.0029166698630136985
ocds-0c46vo-0001-0d1095d3-b784-41a3-9863-0a170d2c2dd5,2019-01-01,2023-06-30,0.05089542445338208
ocds-0c46vo-0001-3c6768a1-fde9-40cb-9628-bc9ca5b64fe0,2019-01-01,2021-12-31,0.46666717808219177
ocds-0c46vo-0001-f3c3d9ea-9197-4177-9c43-b5fc458ed79a,2019-01-01,2021-03-31,0.02782015243902439
ocds-0c46vo-0001-88a14cb9-a250-4c95-8714-78a8a6cc215f,2019-02-01,2022-01-31,0.5938889841698629
ocds-0c46vo-0001-a54150dc-2896-47b6-8a14-ebbdb8efe7b6,2019-02-01,2023-01-31,0.10230011210958904
ocds-0c46vo-0001-c0aaa02a-b066-4c0a-9856-aa99b21f472d,2019-02-01,2021-03-31,0.25906238783269964
ocds-0c46vo-0001-c4996b70-28e8-443a-9ea8-a43301098b16,2019-02-01,2022-01-31,0
ocds-0c46vo-0001-3b7fbe36-d789-4bee-beeb-d13d115b291d,2019-02-11,2022-02-11,0.033302956204379563
ocds-0c46vo-0001-905768b0-56ab-4e69-bca0-71b6cf6e6e37,2019-02-11,2021-02-10,0.4812505273972603
ocds-0c46vo-0001-8c0518e5-baa6-4772-932b-076052d425db,2019-02-25,2022-12-31,1.6588908375335232
ocds-0c46vo-0001-3b4b184a-ea3f-46a6-a5e6-9da836418857,2019-03-01,2021-02-28,0.051250056164383564
ocds-0c46vo-0001-40656b80-02b3-4be8-b98a-f1c2bd0debef,2019-03-01,2021-02-28,0.010000010958904109
ocds-0c46vo-0001-44cff0fc-5a1e-44fd-adf3-0d90a91a2df8,2019-03-01,2022-02-28,0.3458059539650136
ocds-0c46vo-0001-5d449831-b94e-4718-9a50-cb4d254a2c8a,2019-03-01,2021-02-28,0.051250056164383564
ocds-0c46vo-0001-71a07d15-ecd8-445c-9a90-9d87890c46ec,2019-03-01,2021-02-28,0.051250056164383564
ocds-0c46vo-0001-b11ad8da-4cc6-4944-9633-394769a7c5b4,2019-03-01,2021-02-28,0.051250056164383564
ocds-0c46vo-0001-c2660189-2a98-424b-a0ba-fc5baeeec140,2019-03-01,2021-02-28,0.012500013698630137
ocds-0c46vo-0001-e67cd661-ca30-4c59-a191-24eff57b20cf,2019-03-01,2021-02-28,0.030500033424657534
ocds-0c46vo-0001-98575b55-a0a1-40ab-bdce-395fba7726b1,2019-03-06,2024-03-05,0.0813938232256298
ocds-0c46vo-0001-ab6e0396-c460-4b5b-9f1c-f02c0f7838b5,2019-03-09,2021-03-08,1.1833346301369863
ocds-0c46vo-0001-00b055f9-5bc6-46e3-829d-999a4943e90e,2019-03-18,2022-03-17,2.2916691780821914
ocds-0c46vo-0001-6a3e2695-8f0a-4973-b17c-ca338efa3162,2019-03-22,2024-01-31,0.6422445101351352
ocds-0c46vo-0001-786f9a55-1521-44bb-a4f1-6a3919aef43e,2019-03-23,2022-03-22,0.011666679452054794
ocds-0c46vo-0001-8fff69c6-d564-4d96-bac7-d42fe2f4fd9f,2019-03-25,2021-03-24,0.0025000027397260273
ocds-0c46vo-0001-385f0f4a-6cb4-4b43-8ef6-154703643f31,2019-03-31,2022-03-30,0.6047309071625204
ocds-0c46vo-0001-05dd4541-a8b6-49ef-9e33-473c5232cc57,2019-04-01,2022-03-31,0.15000016438356165
ocds-0c46vo-0001-07de1313-3600-4eb1-9e17-807eb4a8ad2b,2019-04-01,2021-09-30,149.91801752464403
ocds-0c46vo-0001-08e26a22-9ea3-4e54-ba5c-29c89ad5c702,2019-04-01,2022-03-31,0.04062504452054794
ocds-0c46vo-0001-0ba166c1-acc2-480c-bbaf-44e6efa49bb8,2019-04-01,2022-03-31,0.004812505273972602
ocds-0c46vo-0001-1430bf9d-0387-4ee3-aa62-3119fadd3c47,2019-04-01,2022-03-31,0.006750007397260273
ocds-0c46vo-0001-16d00b9d-cfe8-4b3f-8a17-42116bcb3a6c,2019-04-01,2024-03-31,0.0049972672508214674
ocds-0c46vo-0001-1a76bdd4-dc8d-4e9c-be79-08b69e833fbc,2019-04-01,2021-03-31,0.5250005753424658
ocds-0c46vo-0001-1f1a3c1b-c0ea-4c05-af9f-d138b34ced2e,2019-04-01,2024-03-31,3.2723230343510403
ocds-0c46vo-0001-220b937b-e59f-4a95-ab24-31eb94a793ee,2019-04-01,2021-03-31,0.18750020547945206
ocds-0c46vo-0001-42a25725-a30e-4e81-81d3-f2f59bc5b93b,2019-04-01,2022-03-31,0.03750004109589041
ocds-0c46vo-0001-49cc45d5-5888-434f-afd8-d108acdf8628,2019-04-01,2022-03-31,1.300001424657534
ocds-0c46vo-0001-4cabd943-2de6-49c1-acaa-189360d160a4,2019-04-01,2024-03-31,3.3099129783384447
ocds-0c46vo-0001-5a9e7bdf-447e-4e2c-8b18-4b1c561f30c2,2019-04-01,2021-03-31,2.362502589041096
ocds-0c46vo-0001-673f309f-d4ea-4bde-9f3a-76a15a717974,2019-04-01,2024-03-31,0.0037629422398685647
ocds-0c46vo-0001-7c46e9df-4ca8-4716-93ba-29be4c7f355f,2019-04-01,2024-03-31,0.002748496987951807
ocds-0c46vo-0001-7c54aae8-37eb-464f-8ded-323bb74889df,2019-04-01,2021-03-31,0.14963141397945207
ocds-0c46vo-0001-80a20371-b575-42c5-b2ab-f708bb0c2d8e,2019-04-01,2024-12-31,0.0034745397429795334
ocds-0c46vo-0001-827f5df0-f885-48d1-b180-88a73c0747bd,2019-04-01,2021-03-31,0.537500589041096
ocds-0c46vo-0001-91bf9d71-84b8-448c-86fc-83ab5794194c,2019-04-01,2021-03-31,75.00008219178082
ocds-0c46vo-0001-9b8e96c5-c014-46dd-b477-cac50da81a75,2019-04-01,2022-03-29,1.0114318037511436
ocds-0c46vo-0001-a385805d-c67e-48fc-b5d1-5bab097a40a4,2019-04-01,2024-03-31,4.360253934069004
ocds-0c46vo-0001-acf9cd58-6b3b-4f36-b528-aa3b4fbe0838,2019-04-01,2024-03-31,0.0049972672508214674
ocds-0c46vo-0001-aeeeb8c0-480a-4428-8ec9-1feeeda1dcf5,2019-04-01,2021-03-31,0.07916675342465754
ocds-0c46vo-0001-bd8327bd-c908-45c5-a7e2-3510a91d3ec6,2019-04-01,2022-03-31,0.0236439148
ocds-0c46vo-0001-cba0e82a-e70f-43db-a918-ffd257ad6fdf,2019-04-01,2022-03-31,0.00825000904109589
ocds-0c46vo-0001-cbcb6886-e575-4eb5-8fc5-cfd305176bc0,2019-04-01,2021-03-31,0
ocds-0c46vo-0001-ceb35e88-f55a-4e91-a9e4-4f54f17c4f6b,2019-04-01,2022-03-31,0.5474214332465752
ocds-0c46vo-0001-d5c8ab41-a25d-4b03-8509-17ee1408797e,2019-04-01,2024-03-31,1.3222769145673603
ocds-0c46vo-0001-e87bae5a-6b8e-42a9-8a72-c6a982edf012,2019-04-01,2022-03-31,0.010000010958904109
ocds-0c46vo-0001-f807de00-54dc-4a2f-9812-0616ef8e1440,2019-04-01,2022-03-31,0.12500013698630136
ocds-0c46vo-0001-ff2dfed5-bbc8-48d2-a8ef-6d3dfd122609,2019-04-01,2022-03-31,0.1480049510859178
ocds-0c46vo-0001-26c4d399-ade7-4a07-b909-24fffa2f4869,2019-04-03,2021-02-28,0.021819727403156384
ocds-0c46vo-0001-27259f46-be8c-489b-be0a-55649fadc670,2019-04-04,2022-04-03,0.014277793424657534
ocds-0c46vo-0001-9be24a45-6f5b-48d1-a3f2-3212b3f930ce,2019-04-04,2022-04-03,0.014277793424657534
ocds-0c46vo-0001-15ad83fa-5754-4d35-85de-75f2cfc8528a,2019-04-09,2023-04-08,0.5000005479452055
ocds-0c46vo-0001-3193382c-10e4-4b37-ba18-6f699281974e,2019-04-26,2021-04-25,0.005500006027397261
ocds-0c46vo-0001-45cd823a-7e85-42ab-97c5-f02c952676c2,2019-05-01,2023-06-30,1.8812282598426036
ocds-0c46vo-0001-9516a9dd-5edf-4010-bf64-0d4f51ac240c,2019-05-01,2021-03-31,1.7945852999999998
ocds-0c46vo-0001-44a2a488-b8d5-4b0b-861d-e8c1f7439f86,2019-05-02,2021-04-30,19.276427160493824
ocds-0c46vo-0001-554b4b7d-fc9a-4db1-bb80-d5aa0d90f83f,2019-05-08,2022-05-07,4.033337753424657
ocds-0c46vo-0001-1126f922-68ef-4ae7-873b-e2db3003d20d,2019-05-14,2021-05-13,0.3000003287671233
ocds-0c46vo-0001-13229e77-531a-4e3e-86ad-b4d11cf56cbd,2019-05-15,2023-05-14,0.030208366438356164
ocds-0c46vo-0001-502ca823-d48e-4a15-a37a-938c658f6737,2019-05-21,2022-05-20,0.013548348180821916
ocds-0c46vo-0001-b303b2d5-6b17-4a4d-975d-ad06a413ea1e,2019-05-28,2024-05-27,0.06384008912924424
ocds-0c46vo-0001-4e5be1a9-f531-4adc-8b62-fb8a6228e710,2019-06-01,2022-05-31,2.0444466849315064
ocds-0c46vo-0001-5f14a77f-73da-40ae-bec0-1f15b16db431,2019-06-01,2023-05-31,0.16250017808219178
ocds-0c46vo-0001-840a80c2-247a-428f-af46-8e12112ec750,2019-06-01,2021-03-31,0.2376594532735426
ocds-0c46vo-0001-89583a8d-a253-48de-be26-e4d6be996d96,2019-06-01,2021-05-31,0.25000027397260277
ocds-0c46vo-0001-b1a5de56-03a6-4a95-b28e-4f6537589c5f,2019-06-01,2021-05-31,0.025000027397260274
ocds-0c46vo-0001-c666dcf8-d969-4119-afa2-1b2cd46b9644,2019-06-01,2021-06-30,0.040021973684210524
ocds-0c46vo-0001-dc04f86e-d277-4ca4-8469-cdb229cd2c9a,2019-06-01,2022-05-31,3.111114520547945
ocds-0c46vo-0001-626ee90c-ad07-4f4b-8659-b537e1a81e84,2019-06-05,2039-06-05,0.41638193018480496
ocds-0c46vo-0001-756a169e-87af-4373-9476-bb02e461868e,2019-06-21,2023-06-20,0.025416694520547945
ocds-0c46vo-0001-9b20d2da-ba3e-4c5b-93d0-a048a1619b41,2019-06-24,2022-10-10,187.7661157684378
ocds-0c46vo-0001-95b745c8-cd82-416f-b2ba-5e5e5462cbf0,2019-06-26,2023-08-08,26.29103058510638
ocds-0c46vo-0001-f4803076-21ac-4fd2-beaa-01dc92372177,2019-06-30,2023-05-31,0.3826
ocds-0c46vo-0001-168b94a6-4da6-4907-af3e-f33e13b2c622,2019-07-01,2021-06-30,0.028333364383561647
ocds-0c46vo-0001-18114269-fbee-473b-93ed-53f74bf65c07,2019-07-01,2024-12-31,0.04085825373134328
ocds-0c46vo-0001-a420e194-f5d2-4dac-9c74-ae12a2cd94f0,2019-07-01,2022-06-30,0.3999229382712328
ocds-0c46vo-0001-65db2b7b-6859-4ec5-afc8-d653f9e8dbf8,2019-07-10,2024-12-31,0.020521011994003
ocds-0c46vo-0001-a640cf6f-6536-4410-a744-348e201b6593,2019-07-15,2024-07-12,0.04277598574835526
ocds-0c46vo-0001-0da722b0-3cb2-4305-be73-ba6795ee73b1,2019-07-18,2022-07-17,14.250682283835616
ocds-0c46vo-0001-22c5b3ab-544b-4400-8536-8e6eb7d03602,2019-07-31,2023-07-30,0.006000006575342466
ocds-0c46vo-0001-8b0c4dd7-f1d5-4c23-bf73-48888786d328,2019-07-31,2023-07-30,0.005812506369863015
ocds-0c46vo-0001-e1f6fe07-59be-45e1-a7fb-2400ecdceac7,2019-07-31,2023-07-30,0.020000021917808218
ocds-0c46vo-0001-f094ca61-e1cb-4842-994b-f50c184023da,2019-07-31,2023-07-30,0.003900004273972603
ocds-0c46vo-0001-5e0a5153-bcd9-4b17-96cf-1bd938664875,2019-08-01,2022-07-31,0.05937506506849315
ocds-0c46vo-0001-b217b835-1af8-4291-8348-ef6a8c57ded5,2019-08-01,2022-07-31,6.000006575342465
ocds-0c46vo-0001-e2b4f97d-3e46-4ba3-b8a6-294c5afb996c,2019-08-01,2029-07-31,274.8496987951807
ocds-0c46vo-0001-17ff4026-6415-41c9-b237-06e8581f77f8,2019-09-01,2023-08-31,0.07500008219178082
ocds-0c46vo-0001-26961fb5-4cf2-4d8c-8d39-284705941259,2019-09-01,2021-08-31,0.7500008219178083
ocds-0c46vo-0001-36bb6026-89d8-4d98-a56b-a68c37bbeb16,2019-09-01,2022-08-31,0.06250006849315068
ocds-0c46vo-0001-6fc7165f-d2dd-4ff6-82a8-46267243a02a,2019-09-01,2021-08-31,0.07000007671232877
ocds-0c46vo-0001-929450f3-1716-4bf4-9e7e-ece099200e49,2019-09-01,2023-08-31,0.013125014383561645
ocds-0c46vo-0001-ec3cf0db-c48b-4c54-87a2-e61e9ef70bad,2019-09-01,2025-08-31,0.011244877681424008
ocds-0c46vo-0001-fc8156df-ee09-458d-bb93-a29602bd8fcc,2019-09-01,2022-08-31,0.018333353424657535
ocds-0c46vo-0001-e2700e1d-99a9-47d2-95a5-20541162a8a4,2019-09-09,2024-09-08,0.3737901599976999
ocds-0c46vo-0001-ce94f136-b981-468f-8eb3-f23a3aefef9c,2019-09-22,2021-09-21,9.166676712328767
ocds-0c46vo-0001-2730ebb1-02ba-49df-bf8c-47bd570de6f1,2019-09-23,2023-07-24,0.008603580857142858
ocds-0c46vo-0001-5940e723-9bac-4c6c-b425-b2002452e208,2019-09-27,2023-09-26,4.166671232876713
ocds-0c46vo-0001-217e6727-1c81-42e7-b1b9-4564ddd1d489,2019-10-01,2024-09-30,0.17647599432913472
ocds-0c46vo-0001-46db74ae-aa60-4872-83d7-974834153fbb,2019-10-01,2021-09-30,0.3000003287671233
ocds-0c46vo-0001-5f5fa30f-511f-4b31-81fc-b5b3d64eba08,2019-10-01,2024-09-30,0.15104240265607888
ocds-0c46vo-0001-73755bcd-1f3b-4aff-b57c-32039c06d3c1,2019-10-01,2024-09-30,1.8226282980558597
ocds-0c46vo-0001-774a56b1-2324-48b8-bb99-104ef44ca281,2019-10-01,2021-09-30,0.07500008219178082
ocds-0c46vo-0001-cb1c0be1-b499-4797-979a-2025fa59e8aa,2019-10-01,2023-09-30,30.208366438356165
ocds-0c46vo-0001-ec647fa3-344a-48b7-815d-a1ea33d37bfc,2019-10-01,2021-09-30,0.22499607990410958
ocds-0c46vo-0001-d2525107-d5cc-4752-8c4f-71dae4f0c3d7,2019-10-04,2021-10-03,0.017620852643835616
ocds-0c46vo-0001-d3cd1d1d-d1d5-4594-8d07-53dd7414e93c,2019-10-07,2021-03-31,0.7084111275415897
ocds-0c46vo-0001-ffd5d001-1246-4be0-bbb3-73bdfb998c5e,2019-10-20,2022-10-19,11.666679452054794
ocds-0c46vo-0001-fd9ae70d-b49c-4691-8277-bb80545cbdc4,2019-10-25,2024-10-24,0.03997813800657174
ocds-0c46vo-0001-8c8c0b7a-ba8a-4a98-8a14-d77fa1b69102,2019-11-01,2023-03-31,3.3307311782022477
ocds-0c46vo-0001-c3ba58ba-8b1a-486f-8ca6-54003314bf9c,2019-11-01,2021-10-31,0.03604703950356165
ocds-0c46vo-0001-c5a5e7e6-a030-4914-9920-24f2b20d7f4c,2019-11-01,2021-08-31,0.06137899103139014
ocds-0c46vo-0001-daf80baa-7c2b-4066-9e3b-13c04726dc10,2019-11-18,2021-11-18,0.033703867305061565
ocds-0c46vo-0001-b84b835c-23b1-4f0a-a9c3-ebca89962197,2019-11-28,2022-11-27,0.02500002739726027
ocds-0c46vo-0001-62540e53-8f69-4b11-b430-a8beb1efc1f5,2019-12-01,2021-03-31,0.5351086111111111
ocds-0c46vo-0001-80b57f0d-1c0a-4dce-a3e8-a6a2d9706e8e,2019-12-01,2021-11-30,663.3340602739727
ocds-0c46vo-0001-a4d8bcd8-86ee-4ede-a8ff-0f6bc7db8179,2019-12-01,2021-11-30,14.166682191780822
ocds-0c46vo-0001-b376f15f-5886-4682-b928-32ee9dd103d5,2019-12-01,2021-11-30,14.333349041095891
ocds-0c46vo-0001-bd32aac9-d92e-436b-b289-15b2eddeec95,2019-12-01,2024-12-31,0.31939991922455574
ocds-0c46vo-0001-f8152a02-24f8-4abe-bdd4-f660c9de14ca,2019-12-01,2027-12-31,0.32147731707317073
ocds-0c46vo-0001-46eafe2b-d36f-4d12-b6eb-a1c7e5901289,2019-12-09,2024-12-08,0.06851419976451259
ocds-0c46vo-0001-e67b5af9-a93e-4b60-9067-efbcae8aa121,2019-12-09,2021-12-08,0.15925017452054796
ocds-0c46vo-0001-b6a8272c-56fb-45a6-9ffd-b97dd5fce7e4,2019-12-12,2024-03-31,0.6970090388287714
ocds-0c46vo-0001-fefe9aee-b3cf-46bc-916b-82a5d1852f4f,2019-12-20,2022-12-19,0.004977783232876712
ocds-0c46vo-0001-f29ff379-52d1-4bda-8759-a5cfd70fed7f,2019-12-31,2022-12-30,0.003166670136986301
ocds-0c46vo-0001-337af8c1-ad50-4878-ad37-c8c4e029c32d,2020-01-01,2022-12-31,0.2200002410958904
ocds-0c46vo-0001-7e37d20a-f8b2-4437-99ca-f9161800d982,2020-01-01,2025-12-31,1.6659078046554086
ocds-0c46vo-0001-ff969eab-a59f-4f00-b51c-ff0be3e7048e,2020-01-01,2024-12-31,0.04330659284531763
ocds-0c46vo-0001-ba7e812c-3ee2-4fed-8dc9-ba6adf702ba9,2020-01-13,2022-01-12,17.916686301369865
ocds-0c46vo-0001-ee34039f-f0f6-4e5a-8a57-e7d111fd1055,2020-01-14,2024-01-13,0
ocds-0c46vo-0001-06c5ea83-2469-492c-ac6e-d2dcf0339807,2020-01-20,2021-07-31,0.07315815962365592
ocds-0c46vo-0001-f5eb18e8-f110-47c4-bdb4-90b1b3049596,2020-01-23,2023-01-22,0.01458751598630137
ocds-0c46vo-0001-0ced3ff3-749d-47dc-8d98-c57ab81294b6,2020-01-30,2021-01-29,0.13500014794520548
ocds-0c46vo-0001-2bc808cc-eea5-424d-9392-13a30207f2ed,2020-02-01,2025-01-31,0.019882127484118294
ocds-0c46vo-0001-3af560c9-3a71-4842-ae71-79e5f07817fb,2020-02-01,2022-01-31,1.666668493150685
ocds-0c46vo-0001-cbfe2c8a-2d49-46dc-a000-5eaa4e90cff2,2020-02-01,2023-03-31,0.052715251299826696
ocds-0c46vo-0001-dc2b5d16-400c-48ac-8fdc-1506aa283d62,2020-02-01,2022-01-31,0.8333342465753425
ocds-0c46vo-0001-375bd37b-18d8-427e-8ca3-cdc5abfc6486,2020-02-07,2024-02-06,7.333341369863014
ocds-0c46vo-0001-b04cf155-7312-42cb-9af3-0fe035aa88a1,2020-02-10,2021-01-31,0.6446460716292135
ocds-0c46vo-0001-d3d96624-8a59-46ba-9fb6-c81e7bb16d43,2020-02-14,2022-02-13,5.250005753424658
ocds-0c46vo-0001-46aab752-63da-4f3e-8e8d-ae8fc98988de,2020-02-19,2021-07-31,0.46013266176704554
ocds-0c46vo-0001-72b5c035-011a-4054-a87b-687ad9c2b652,2020-02-25,2023-02-24,0.011475012575342466
ocds-0c46vo-0001-c3ad002c-9ddf-4306-a712-1869101b8f3d,2020-02-25,2021-02-24,0.016645851575342468
ocds-0c46vo-0001-05cd5948-1699-436a-a695-8f4dff7a0b13,2020-02-27,2030-02-26,1.69074208652793
ocds-0c46vo-0001-0f406ec9-df4f-4604-b500-c37732828aa1,2020-02-27,2030-02-26,1.69074208652793
ocds-0c46vo-0001-05b283df-036d-42f5-9446-e01a709ac262,2020-03-01,2021-03-31,0.05082284050632912
ocds-0c46vo-0001-4a08b297-7736-4be8-9b90-52ebb1a1f191,2020-03-01,2025-12-31,0.01027687658376349
ocds-0c46vo-0001-6a095bf0-f4ee-4d87-a1f6-a2c19ed3455d,2020-03-01,2021-02-28,0.017731097728021977
ocds-0c46vo-0001-777e1a4a-5d3d-4989-924c-6044bfd2b620,2020-03-01,2021-03-31,2.9188481354430382
ocds-0c46vo-0001-ca105a83-e039-4c3c-a981-a1be2ad10c0d,2020-03-01,2022-02-28,0.0625858024691358
ocds-0c46vo-0001-a97f28e9-c4b2-4b14-b380-3628b229a62f,2020-03-02,2023-03-01,0.023663024865630714
ocds-0c46vo-0001-13b241df-8e65-4df9-b71d-5c7b9cb7bdfe,2020-03-05,2023-08-31,0.014086226844583986
ocds-0c46vo-0001-8db04e95-9d5d-4f78-9e3f-537d2324cf49,2020-03-11,2021-03-10,0.010523008326923076
ocds-0c46vo-0001-fdc01ef5-f8a6-433e-a3b7-8cd8f40fe5cd,2020-03-12,2022-03-11,0.0417238683127572
ocds-0c46vo-0001-965174c8-a0d5-4b38-9639-86df6a4e1d17,2020-03-13,2021-03-12,0.019603730274725274
ocds-0c46vo-0001-44ede644-6a3b-4598-92f7-c871a0f7c2d8,2020-03-16,2023-03-15,0.012830620398537478
ocds-0c46vo-0001-d0420fcb-aee7-4a3a-a952-5d2cdeff5d64,2020-03-20,2021-02-28,0.11516291606086958
ocds-0c46vo-0001-cbc63f03-1c87-4b8c-9593-e99eb0bf9316,2020-03-23,2023-03-22,0.019819788630712983
ocds-0c46vo-0001-c70f37d2-3072-461d-b193-59981e933376,2020-03-29,2021-03-15,0.0823244017094017
ocds-0c46vo-0001-80393e4c-d56a-4bbe-97bb-dfe95dc36f3a,2020-03-30,2021-03-31,0.2493172131147541
ocds-0c46vo-0001-0abe01d8-76e6-497f-840a-6b96c1d6fad9,2020-03-31,2021-03-30,0.0119576571060989
ocds-0c46vo-0001-06b8f5c2-8f37-40d1-a298-e634f8e9dde4,2020-04-01,2021-03-31,0.2027908128956044
ocds-0c46vo-0001-0ea33d75-ac3f-4915-b11b-37c7b5abafad,2020-04-01,2021-03-31,0.3785124340384615
ocds-0c46vo-0001-122a5c20-1879-41b4-a74c-46e908f6c760,2020-04-01,2021-03-31,0.32840008516483515
ocds-0c46vo-0001-1262c569-1454-42bb-94cd-af7752069abb,2020-04-01,2025-03-31,0.7336383039863015
ocds-0c46vo-0001-13536c57-f051-4ecf-a7f2-70a64023b34b,2020-04-01,2021-07-01,0.03335164473684211
ocds-0c46vo-0001-148aabce-dccc-495f-8bc0-e5f8af8af108,2020-04-01,2021-03-31,0.012424052076923077
ocds-0c46vo-0001-1b0f07b6-f142-4e39-92ee-e9bc6f744a5d,2020-04-01,2021-03-31,0.2198169785324176
ocds-0c46vo-0001-1b79e0a6-c7cb-4b66-8b2b-61933bee5b26,2020-04-01,2022-03-31,0.20788500148148148
ocds-0c46vo-0001-1ca33c30-394c-4c0c-babe-b0fa9117b942,2020-04-01,2021-03-31,1.1441759791648352
ocds-0c46vo-0001-1eb02c13-c95f-4ca0-a91b-533aea503ecf,2020-04-01,2025-03-31,0.08000008767123287
ocds-0c46vo-0001-1f57589c-cfdf-4be9-b1da-26b343aae650,2020-04-01,2021-03-31,0.010027483516483516
ocds-0c46vo-0001-2425ecea-4092-456d-8542-4ae29adada73,2020-04-01,2021-03-31,0.19081298383516482
ocds-0c46vo-0001-252d8700-11b4-4244-a16a-7b7b6841816c,2020-04-01,2021-03-31,0.22561837912087912
ocds-0c46vo-0001-283df81a-215e-4cd9-a508-a896b648932e,2020-04-01,2021-03-31,0.06594908784065934
ocds-0c46vo-0001-314b5493-aa93-40df-906b-e014bd7b0c92,2020-04-01,2021-03-31,0.7157141428598901
ocds-0c46vo-0001-44c2ba01-0b21-4555-9460-0a9f5d555e73,2020-04-01,2023-03-31,28.025624862888485
ocds-0c46vo-0001-54354f30-7e5e-4bd3-a58f-f3f00b85bab8,2020-04-01,2021-03-31,0.3509619230769231
ocds-0c46vo-0001-617023bf-a83b-45c1-bb6a-ca299a39979a,2020-04-01,2026-03-31,1.4583349315068492
ocds-0c46vo-0001-6380e3bd-4b0f-477f-8888-149983f5ac04,2020-04-01,2021-03-31,0
ocds-0c46vo-0001-65111ffb-f362-4b73-94b5-ab957cf18022,2020-04-01,2021-03-31,0.010027483516483516
ocds-0c46vo-0001-664cba2c-a576-4848-a5ff-c672793adcdd,2020-04-01,2021-03-31,0.14527316744505495
ocds-0c46vo-0001-730acfcd-d087-46c4-b3cc-7257d9c2be41,2020-04-01,2022-03-31,0.04746507259259259
ocds-0c46vo-0001-7913a51d-4fa4-4e2a-8470-dc7f33ba9e3b,2020-04-01,2022-03-31,0.19656948839506172
ocds-0c46vo-0001-7ff0210b-873d-48e1-8052-9be1774b31e8,2020-04-01,2022-03-31,0.24032948148148145
ocds-0c46vo-0001-82e69d46-ccc5-4e9e-b75a-cc3ea7ee4abe,2020-04-01,2021-03-31,0.06490372268406594
ocds-0c46vo-0001-8701f003-ebf7-403a-9752-e583bc085017,2020-04-01,2021-03-31,0.06490372268406594
ocds-0c46vo-0001-89b0a269-3417-45d0-b06e-04e8533006c6,2020-04-01,2021-03-31,0.43870240384615383
ocds-0c46vo-0001-8bbaa42b-a424-4d82-8578-9168f7176067,2020-04-01,2021-03-31,11.4062625
ocds-0c46vo-0001-939bb337-2855-463b-bae4-f8b1c35a90e8,2020-04-01,2021-03-31,0.02161674759065934
ocds-0c46vo-0001-942a423f-7566-483d-a45a-b73a078c678d,2020-04-01,2021-03-31,0.013746008653846155
ocds-0c46vo-0001-9eb7a359-257b-4283-ab50-79592c1b1a45,2020-04-01,2021-03-31,0.05601853666483516
ocds-0c46vo-0001-a59a1414-d18b-4a17-b318-9ac5ef742185,2020-04-01,2023-03-31,0.15007471885283366
ocds-0c46vo-0001-acf28881-4b4b-489b-b23f-96a2b6ad92c2,2020-04-01,2021-03-31,0.1371534126675824
ocds-0c46vo-0001-b14b280b-f8e8-4f71-9976-48c83ce8d7f3,2020-04-01,2023-03-31,0.5602847890557587
ocds-0c46vo-0001-b793671e-2bf5-4edf-ab03-443b07440333,2020-04-01,2021-03-31,0.8160240742170329
ocds-0c46vo-0001-bf0bd30e-6444-40b3-a660-f56f7e102b6c,2020-04-01,2024-03-31,0.7590252318075617
ocds-0c46vo-0001-c912c7ae-8534-4ab5-8d9e-c861d1b3d612,2020-04-01,2023-03-31,1.8016473126142596
ocds-0c46vo-0001-cb681c97-8531-4b4e-aaee-eb7fd48cacd1,2020-04-01,2021-03-31,0.14297933045324177
ocds-0c46vo-0001-d819e646-69d7-463d-85d0-7537ec1cf8ea,2020-04-01,2023-03-31,0.47042974794290676
ocds-0c46vo-0001-db252882-a74c-4f14-8fad-43fc360a092b,2020-04-01,2021-03-31,0.37603063186813185
ocds-0c46vo-0001-dd2ff3b3-fd2e-465f-95cc-cee1ee00dc4e,2020-04-01,2021-03-31,0.17173963223233518
ocds-0c46vo-0001-ecba62ca-7471-42d4-b598-7358b397d98b,2020-04-01,2021-03-31,0.24993502664835165
ocds-0c46vo-0001-f15e91ae-b9a0-436d-8463-bb08f95c587d,2020-04-01,2021-03-31,0.0793842445054945
ocds-0c46vo-0001-fb7ea798-dfeb-440d-9135-65455b8773cc,2020-04-01,2021-03-31,0.11532608792307693
ocds-0c46vo-0001-fdc6303e-03ec-42c7-90ae-51acc5008b8a,2020-04-01,2023-03-31,0.0175160155393053
ocds-0c46vo-0001-45f2767b-90d0-46f1-acc2-87d391dfe055,2020-04-04,2021-03-03,0
ocds-0c46vo-0001-9e4d2777-39e3-4e36-8729-41b1234cf394,2020-04-06,2022-04-05,1.2016599245679012
ocds-0c46vo-0001-fc7c047e-8432-4598-b0a0-5c6424a32f2e,2020-04-07,2021-04-06,0.040109934065934064
ocds-0c46vo-0001-349b29db-6d92-470a-937a-11cf9658244f,2020-04-16,2021-04-15,0.7938424450549451
ocds-0c46vo-0001-e06165cc-11bf-4bc4-88fe-70f28a3ced65,2020-04-16,2022-03-29,0.07612975337359551
ocds-0c46vo-0001-5a2c502b-02c2-48e2-b284-a60e209343b9,2020-04-27,2024-04-26,6.250006849315069
ocds-0c46vo-0001-6c1476c1-8c4b-4e1c-b2de-edc1d0b57d9a,2020-04-30,2021-04-29,1.2534354395604395
ocds-0c46vo-0001-1027c06b-d52d-44c2-a2ad-ead49750a7a4,2020-05-01,2021-04-30,0.06267177197802197
ocds-0c46vo-0001-31f7a67e-4eea-4e9d-9fd0-f89d5bb9615f,2020-05-01,2032-04-30,0.8329539023277043
ocds-0c46vo-0001-34cade95-126f-4868-becd-8ea4487d6546,2020-05-01,2021-04-30,0.09191859890109891
ocds-0c46vo-0001-3978adb7-ac21-4ecd-8f9d-3471a2a20641,2020-05-01,2023-04-30,1.4735695612431445
ocds-0c46vo-0001-c5cc0c79-896f-461b-91b4-87498476467a,2020-05-01,2021-04-30,0.07921711978021978
ocds-0c46vo-0001-44f1742e-024b-4d98-9158-39f549340b78,2020-05-05,2021-03-31,0.36776555454545456
ocds-0c46vo-0001-5629f5e5-b1f6-4c25-bcaf-ab9f62aeb8f6,2020-05-06,2021-03-31,0.43914688449848027
ocds-0c46vo-0001-304753fa-b901-43ed-a135-5ffc18778d91,2020-05-09,2023-03-30,0.06919438862559242
ocds-0c46vo-0001-378f2fd3-8883-417f-a509-7c75360bf145,2020-05-11,2021-03-31,18.77574074074074
ocds-0c46vo-0001-8498712a-c233-49a2-a56b-3083a318fb86,2020-05-14,2024-01-13,13.629589245705752
ocds-0c46vo-0001-68c07595-b227-410d-83cc-8334a87f18e9,2020-05-18,2023-05-17,10.209334771480805
ocds-0c46vo-0001-92ac8cfb-6874-4246-a07c-9abd63607d00,2020-05-25,2023-03-31,2.5883705048365386
ocds-0c46vo-0001-237c1182-7770-405b-8af1-f6b4dc65c6b2,2020-05-26,2021-03-31,22.148082524271846
ocds-0c46vo-0001-2aaf8ec3-6059-4846-aace-23e9da2397a6,2020-06-01,2022-03-31,0.5045597782410179
ocds-0c46vo-0001-316e0bfd-2558-465e-b206-927bf2629356,2020-06-01,2022-03-31,1.249529419495509
ocds-0c46vo-0001-381c37a7-dff9-4b78-92a1-97e2e128608a,2020-06-01,2021-02-12,2.080681928634375
ocds-0c46vo-0001-42c7bf2b-c071-423d-a92c-810abadc7cda,2020-06-01,2021-05-31,0.06267177197802197
ocds-0c46vo-0001-49b47492-25da-40cf-9afd-f93a159977d7,2020-06-01,2023-05-31,0.10509609323583181
ocds-0c46vo-0001-4a2cceba-bde7-4f99-bed8-482479c61b98,2020-06-01,2021-05-31,0.01728654595879121
ocds-0c46vo-0001-5f3dd805-8bde-4cb4-81a7-601ec3e45546,2020-06-01,2021-05-31,0.04871936428846154
ocds-0c46vo-0001-83890509-01e0-4028-9ea6-dce56fa6242e,2020-06-01,2023-05-31,0.48371394417367464
ocds-0c46vo-0001-a0e4752a-8730-4234-ac8e-9c072083cdd0,2020-06-07,2024-02-06,129.75368961911875
ocds-0c46vo-0001-dd8fd9f8-7b65-4d58-b437-3f7799260b86,2020-06-09,2023-06-08,0.0208023536928702
ocds-0c46vo-0001-10795685-7e3b-4982-adc3-5e782dee8fb0,2020-06-22,2021-06-21,25.068708791208792
ocds-0c46vo-0001-efeeec2c-ebe3-4e1e-8ee7-f55f45f8155f,2020-06-28,2021-06-27,0.04295773938461538
ocds-0c46vo-0001-71c44cac-863b-4514-8429-3f6bf1c0d95d,2020-06-29,2021-02-28,1037.191047053581
ocds-0c46vo-0001-e5853fe6-7e66-4f13-a65e-e9214871d1f0,2020-06-29,2021-06-28,0.16684228448901098
ocds-0c46vo-0001-0c63845b-62b6-48e7-a7bb-2b4215a037db,2020-07-01,2025-06-30,9.578939747456714
ocds-0c46vo-0001-28b5e1e2-4de3-405e-96f3-27ca4a57b329,2020-07-01,2021-06-30,0.02339746153846154
ocds-0c46vo-0001-6e0641c4-6e59-47d7-8255-161205648a37,2020-07-01,2022-06-30,0
ocds-0c46vo-0001-7a572ce3-d206-4b91-90ce-c67b933e02d4,2020-07-01,2021-06-30,0.06267177197802197
ocds-0c46vo-0001-a6a62a54-7ae0-414e-9cda-d76bb322a680,2020-07-01,2023-06-30,0.7840502193784278
ocds-0c46vo-0001-b186e7d2-ec9b-4a50-ab2a-e01c09658d96,2020-07-01,2021-06-30,0.03342494505494505
ocds-0c46vo-0001-f0764299-5469-48d4-a0d2-c6db2f5712c5,2020-07-01,2025-06-30,0.10832845204931507
ocds-0c46vo-0001-23eef18c-9e19-4394-ba43-ea88eeebe6e4,2020-07-02,2021-07-01,0.06909688204120878
ocds-0c46vo-0001-4a015a8e-2996-402f-95f3-6cdd191c6d29,2020-07-09,2022-02-09,0.02202588620689655
ocds-0c46vo-0001-ee60b736-128d-400e-84a4-54a1f220dee0,2020-07-13,2024-07-12,0.37500041095890413
ocds-0c46vo-0001-17348fa5-8d54-49a0-9246-396b30e0a019,2020-07-20,2023-07-19,28.025624862888485
ocds-0c46vo-0001-84976c23-a5c8-467d-bf0e-4bde88b08be3,2020-07-22,2021-03-31,0.21399114059523808
ocds-0c46vo-0001-48e9aa05-5996-4757-ad60-e9480aba21b7,2020-07-26,2021-01-26,0.8596023913043479
ocds-0c46vo-0001-df065458-c748-44e4-b0b6-70ddb476324c,2020-07-28,2021-05-28,0.2001098684210526
ocds-0c46vo-0001-20a175dd-8808-498c-8358-d805bf0477ee,2020-07-31,2021-07-30,0.017548096153846154
ocds-0c46vo-0001-450b1fe5-4e71-4d90-9d01-918594bac633,2020-08-01,2021-05-31,0.01295871882178218
ocds-0c46vo-0001-4ed47924-f5c2-4dc8-ad29-3f8c1ff2f783,2020-08-01,2021-01-31,0.3324229508196721
ocds-0c46vo-0001-60065c1d-0273-4b6f-b0cb-f3ad69cb56f6,2020-08-01,2025-12-31,0.6596948584428716
ocds-0c46vo-0001-61b7eac4-fe09-46ac-9903-8c96d52db1dd,2020-08-01,2022-07-31,16.731271193415637
ocds-0c46vo-0001-6222ea33-3265-4d59-88ad-d5a5b391164d,2020-08-01,2021-07-31,0.012534354395604394
ocds-0c46vo-0001-673e25fa-b028-4a51-947f-869c19a8b00b,2020-08-01,2028-03-31,0.4661937942122187
ocds-0c46vo-0001-ab3678a4-abbc-493e-8f88-02eb730285eb,2020-08-01,2021-07-31,0
ocds-0c46vo-0001-c371452d-7553-4263-8ce5-684dff4d0fd4,2020-08-01,2022-07-31,0.005948989144032922
ocds-0c46vo-0001-d4dfa8be-c924-4d4e-8876-fe0e393453aa,2020-08-01,2021-07-31,4.010993406593406
ocds-0c46vo-0001-e0948e7a-346d-4225-a31b-5fc9664f0166,2020-08-01,2021-03-31,0.10004831900826447
ocds-0c46vo-0001-ad66c05e-9c82-42fd-a8f1-0a8848bae807,2020-08-11,2021-08-10,0.016712472527472527
ocds-0c46vo-0001-6f129706-efb0-4a58-baed-5f457d7c1dac,2020-08-15,2021-03-31,0.03244748164802631
ocds-0c46vo-0001-ac463b30-ec7d-4c0d-a8aa-bbb9427a84a7,2020-08-25,2021-03-31,0.141021727556422
ocds-0c46vo-0001-f8e31bd2-2f9b-48cb-b74d-115189e4b9a5,2020-08-28,2021-08-27,0.08356236263736264
ocds-0c46vo-0001-060dd1ca-d297-4d86-8da4-00de43d6ba1e,2020-09-01,2025-08-31,0.11666679452054794
ocds-0c46vo-0001-1c013282-5165-4628-b81f-86f20e5d0fef,2020-09-01,2021-08-31,0.07031772815934066
ocds-0c46vo-0001-307ce931-07c5-48d4-b9c9-fdad293a082d,2020-09-01,2025-08-31,2.102529804139726
ocds-0c46vo-0001-5d29a254-887f-4569-aa4f-352bc122e277,2020-09-01,2022-02-28,0.6027529541284403
ocds-0c46vo-0001-783d132b-3215-4e23-a76c-5f577c7a7683,2020-09-01,2025-08-31,0.00450000493150685
ocds-0c46vo-0001-880fa980-7f15-4daf-a46f-6ed528d43c8c,2020-09-01,2021-03-31,0.1946092180094787
ocds-0c46vo-0001-9a5d3001-0bcf-472e-b4e8-c1c3a9bfdd5f,2020-09-01,2021-08-31,2.1308402472527472
ocds-0c46vo-0001-0eff5b25-b3e9-46ef-87b0-24658bbf022f,2020-09-21,2021-10-29,21.967099238933002
ocds-0c46vo-0001-96c8795b-2400-46c3-b4d7-531a3ac5c74b,2020-09-25,2021-09-24,0.06985980641208792
ocds-0c46vo-0001-b74eb653-f032-4a9e-bca0-63efb1cd9998,2020-09-25,2022-12-31,0.06620321644498187
ocds-0c46vo-0001-14e41553-1b26-40d1-9c90-396b3d7dcf92,2020-09-30,2021-09-29,0.01879700251335165
ocds-0c46vo-0001-a7ff4abb-6cac-4656-bb50-9c6dac350c40,2020-09-30,2021-03-31,0.0668498901098901
ocds-0c46vo-0001-013f955d-ec07-4760-aa51-dc074a5c4bdf,2020-10-01,2022-09-30,1.5489944387242796
ocds-0c46vo-0001-1145666e-47f3-4022-a5f1-2f276fba8b6f,2020-10-01,2023-09-30,0.0800732138939671
ocds-0c46vo-0001-21215145-8d7d-43af-a5b1-b6274c9cd2c3,2020-10-01,2021-09-30,0.14414507554945055
ocds-0c46vo-0001-2f960db7-7c83-4df2-999b-b3998a25d64b,2020-10-01,2021-09-30,0.050137417582417576
ocds-0c46vo-0001-5dd6aa3c-e6c1-4b62-9381-d657d4f4cd54,2020-10-01,2021-03-31,0.11647999643370165
ocds-0c46vo-0001-8dd61209-8780-4ae3-901b-b826783e0409,2020-10-01,2021-03-31,0.16069596339779005
ocds-0c46vo-0001-9510d645-6672-4552-ad51-677e974b1b85,2020-10-01,2021-09-30,2.1811364333241756
ocds-0c46vo-0001-baea9399-628a-4157-aa7c-7e0963ef59bc,2020-10-01,2021-09-30,0.03760306318681319
ocds-0c46vo-0001-e036fdcb-57e9-49cc-b743-28e85ec6fae1,2020-10-01,2021-09-30,0.22979649725274726
ocds-0c46vo-0001-f60564f5-05e6-4318-9a76-60b7ab9d68e5,2020-10-01,2021-09-30,0.0048624270319780226
ocds-0c46vo-0001-fe6f62cc-b91d-4e4e-bbba-1d71649ba8f0,2020-10-01,2021-09-30,0.06893894917582417
ocds-0c46vo-0001-910d6450-12d3-4182-89b2-ac539c57421b,2020-10-03,2021-07-31,0.2578042692358804
ocds-0c46vo-0001-3abc5f04-8fe6-427b-8dae-78e5cbd9f1ce,2020-10-05,2021-01-29,8.503864276189656
ocds-0c46vo-0001-9286a237-d9ab-45fe-b26c-61e0581a609c,2020-10-12,2021-01-31,0.04411791621621622
ocds-0c46vo-0001-2f9c3bc7-33e8-40f7-b486-c68aa8481ec5,2020-10-14,2023-10-13,0.995691931204607
ocds-0c46vo-0001-579f5f10-24c1-42e4-ac40-a4798006988f,2020-10-14,2021-10-13,0.02089059065934066
ocds-0c46vo-0001-1d1f21a2-e2dd-4c20-9549-54ab862686a2,2020-10-16,2021-10-15,0
ocds-0c46vo-0001-f57200dd-b8c9-411f-acad-71ba19152987,2020-10-19,2021-04-19,2.7959799413736266
ocds-0c46vo-0001-d1e9b81b-4cae-4d87-a1ff-95c7e0675063,2020-10-20,2021-09-30,44.43483130434783
ocds-0c46vo-0001-dbfc0022-ae3d-4256-ac47-6ccdb391f0d7,2020-10-30,2021-10-31,0.038635383756311474
ocds-0c46vo-0001-0969255b-edc7-47ec-b094-a67b0e174e34,2020-11-01,2025-10-31,0.05669839546849315
ocds-0c46vo-0001-1da2ff81-8734-4275-b88d-cb44b0e570b5,2020-11-01,2022-03-31,34.31476252427185
ocds-0c46vo-0001-2802e4d5-27ca-4f84-bd84-d30b155d18b6,2020-11-01,2023-10-31,0.00486555987202925
ocds-0c46vo-0001-3841b0b2-7871-4862-a2d4-8a508fbd22be,2020-11-01,2024-10-31,0.7500008219178083
ocds-0c46vo-0001-930435a0-132d-4387-bdb1-31bd7f557baf,2020-11-01,2021-03-31,22.886741748000002
ocds-0c46vo-0001-bc17712c-716f-4e07-be23-a8479dd563ac,2020-11-01,2021-04-30,0.5018755500000001
ocds-0c46vo-0001-d13de63b-d93e-4928-b8d1-e18b1484133f,2020-11-01,2025-10-31,0.07800983549013699
ocds-0c46vo-0001-8b67ecea-5126-4970-a5bf-0b8f3d36c929,2020-11-02,2022-11-01,1.564645061728395
ocds-0c46vo-0001-0e24a66d-d048-4973-8c6b-41b32148bf17,2020-11-03,2021-03-31,0.24662189189189188
ocds-0c46vo-0001-0c81f718-481e-4a0d-b278-c36ee93e6fae,2020-11-04,2023-11-03,0.12872881261425959
ocds-0c46vo-0001-3c598676-37f2-46bc-97e7-46ea53cc8175,2020-11-05,2021-11-08,0.05881002821739131
ocds-0c46vo-0001-15641ff0-adce-4cb2-ba06-c4122e6a6733,2020-11-16,2025-11-15,0.000050000054794520554
ocds-0c46vo-0001-7007603f-3545-451d-90ce-6757a8ad8c3a,2020-11-16,2022-11-15,0.013268190123456789
ocds-0c46vo-0001-9e655a5f-5e4c-44ed-b7e6-6499d4f559b9,2020-11-16,2023-09-30,0.0050791245229007635
ocds-0c46vo-0001-de389739-6457-4a10-aee2-6f808c4a29c0,2020-11-16,2021-06-28,27.148676251197323
ocds-0c46vo-0001-85464b34-41f3-4706-99bf-a2f048264b62,2020-11-18,2021-03-31,1.7366252490135337
ocds-0c46vo-0001-0dc6a285-77f2-44dc-b1dc-2e7feec63a53,2020-12-01,2021-11-30,0.45123675824175824
ocds-0c46vo-0001-2f077a32-055f-42ba-969d-999270082c70,2020-12-01,2021-11-30,0.06267177197802197
ocds-0c46vo-0001-4c503a91-c367-433b-9aff-60916351d446,2020-12-01,2021-03-31,4.2281240780000005
ocds-0c46vo-0001-7ed2b8aa-0ae4-4139-b20b-95caf565f361,2020-12-01,2021-04-30,0.5272228000000001
ocds-0c46vo-0001-a35faa99-b79d-49f6-b21b-68fd4aa207d2,2020-12-05,2022-01-29,0.007676595714285714
ocds-0c46vo-0001-655944b6-47ec-4ae3-bd5e-1c6a39e3ac45,2020-12-07,2021-12-07,1.666668493150685
ocds-0c46vo-0001-8c40ecc9-800d-487b-a7c2-be62fc83b10b,2020-12-14,2021-03-31,2064.9503229158904
ocds-0c46vo-0001-0a1b02b4-986c-42e5-bf8b-863397b419ea,2020-12-15,2022-12-21,0.05766196310054348
ocds-0c46vo-0001-e4d3094b-a5e9-4e40-9a15-8c34365d5e51,2020-12-15,2021-12-14,0.016594649596153845
ocds-0c46vo-0001-7ce96700-aeb0-4b89-b0ce-4ff7aa5cae9f,2020-12-16,2022-06-30,0.12023000401069518
ocds-0c46vo-0001-94af3d9a-9417-4cbe-af96-e41dfe428c0e,2020-12-16,2022-12-15,0.5780574921975308
ocds-0c46vo-0001-19ef6d0f-c4a8-47f8-8f23-a3f37744aa7b,2021-01-01,2021-12-31,0.09790813179280221
ocds-0c46vo-0001-a17e143c-2f77-4166-8676-f1ee33495fc0,2021-01-01,2021-06-30,0.33703971333966665
ocds-0c46vo-0001-bfd10e60-9235-48fd-8dd7-afd8b94f18b6,2021-01-01,2023-12-31,0.5999101866855576
ocds-0c46vo-0001-cc80e296-950f-4c06-8acc-6caf7c6f9524,2021-01-01,2023-12-31,0.35907831855575867
ocds-0c46vo-0001-e1ec92f0-ed49-40cf-98b9-ecc01c09e45d,2021-01-01,2025-12-31,0.0450000493150685
ocds-0c46vo-0001-f1beaeee-82e4-418b-8692-bb669c9e0bee,2021-01-01,2021-12-31,0.2506870879120879
ocds-0c46vo-0001-ff2f577e-8a44-4689-aa0e-4bede94b76da,2021-01-01,2024-12-31,1.8750020547945208
ocds-0c46vo-0001-f53e7663-faaa-4105-a95f-e2602f052717,2021-01-03,2022-04-01,0.013429006622516558
ocds-0c46vo-0001-379fecfe-a691-4550-96fc-c92fe8714245,2021-01-04,2021-12-31,0.075831108033241
ocds-0c46vo-0001-13a69201-35ee-4f91-a781-843bb1291bd5,2021-02-01,2023-03-31,0.13895954314720813
ocds-0c46vo-0001-9d1fb9d8-c2cb-49ff-b3ae-4d7974f8a820,2021-02-01,2022-01-31,0.33424945054945054
ocds-0c46vo-0001-f23c49f7-9523-4bc2-ab2a-d9c031554160,2021-02-01,2022-01-31,0.15041225274725276
ocds-0c46vo-0001-c2526559-0af1-4109-9a6a-a4df8179e9e2,2021-04-01,2026-03-31,0.05000005479452055
